id,type,experiment,knowledge,difficulty,question,option_a,option_b,option_c,option_d,answer,blank_count,fill_hint,explanation,keywords,source
q001,choice,模块1-数据预处理与关联规则,数据预处理分类,1,数据预处理的四大类方法不包括以下哪一项？,数据清理,数据集成,数据加密,数据规约,C,0.0,,数据预处理四大类为：数据清理、数据集成、数据变换、数据规约。数据加密属于安全领域，不属于数据预处理范畴。,"数据预处理,四大类",模块1
q002,choice,模块1-数据预处理与关联规则,四分位极差IQR,1,四分位极差IQR的计算公式是？,$IQR = Q_2 - Q_1$,$IQR = Q_3 - Q_1$,$IQR = Q_3 - Q_2$,$IQR = Q_4 - Q_1$,B,0.0,,IQR（四分位极差）定义为第三四分位数减去第一四分位数，即 $IQR = Q_3 - Q_1$，用于衡量数据的离散程度。,"IQR,四分位极差",模块1
q003,choice,模块1-数据预处理与关联规则,离群点判定,2,使用IQR方法判定离群点时，正常数据范围的下界和上界分别是？,$Q_1-1.5 \times IQR$ 到 $Q_3+1.5 \times IQR$,$Q_1-1.0 \times IQR$ 到 $Q_3+1.0 \times IQR$,$Q_2-1.5 \times IQR$ 到 $Q_2+1.5 \times IQR$,$Q_1-2.0 \times IQR$ 到 $Q_3+2.0 \times IQR$,A,0.0,,IQR离群点判定标准：下界为 $Q_1-1.5 \times IQR$，上界为 $Q_3+1.5 \times IQR$，落在该范围之外的数据点被视为离群点。,"离群点,IQR,异常检测",模块1
q004,choice,模块1-数据预处理与关联规则,分箱法,1,以下哪一项不是分箱法的三种基本方式之一？,等宽分箱,等深分箱,等距分箱,等比分箱,D,0.0,,分箱法的三种基本方式为：等宽分箱（区间宽度相同）、等深分箱（每箱数据量相同）、等距分箱（区间间距相同）。等比分箱不属于基本分箱方式。,"分箱法,等宽,等深,等距",模块1
q005,choice,模块1-数据预处理与关联规则,关联规则支持度,1,关联规则中项集X的支持度s(X)的计算公式是？,$s(X) = \sigma(X) / N$,$s(X) = \sigma(X) / \sigma(Y)$,$s(X) = N / \sigma(X)$,$s(X) = \sigma(X \cup Y) / \sigma(X)$,A,0.0,,支持度 $s(X) = \sigma(X) / N$，其中 $\sigma(X)$ 是包含项集X的事务数，N是总事务数。选项D是置信度公式。,"支持度,关联规则",模块1
q006,choice,模块1-数据预处理与关联规则,关联规则置信度,1,关联规则 $X \rightarrow Y$ 的置信度c的计算公式是？,$c = \sigma(X) / \sigma(Y)$,$c = \sigma(X \cup Y) / \sigma(X)$,$c = \sigma(X \cup Y) / N$,$c = \sigma(Y) / \sigma(X \cup Y)$,B,0.0,,置信度 $c(X \rightarrow Y) = \sigma(X \cup Y) / \sigma(X)$，表示在X出现的条件下Y也出现的概率。选项C是支持度公式。,"置信度,关联规则",模块1
q007,choice,模块1-数据预处理与关联规则,提升度Lift,2,关于提升度Lift的描述，以下哪项是正确的？,Lift=1表示X和Y正相关,Lift=1表示X和Y相互独立,Lift>1表示X和Y负相关,Lift<1表示X和Y正相关,B,0.0,,提升度Lift=1表示X和Y相互独立（即X的出现不影响Y的出现概率）；Lift>1表示正相关；Lift<1表示负相关。,"提升度,Lift,独立,正相关",模块1
q008,choice,模块1-数据预处理与关联规则,关联分析步骤,1,关联规则挖掘的标准流程分为哪两步？,数据清洗→规则评估,发现频繁项集→提取强关联规则,特征选择→模型训练,离散化→聚类分析,B,0.0,,关联规则挖掘分为两步：第一步从数据中找出所有频繁项集（满足最小支持度），第二步从频繁项集中提取满足最小置信度的强关联规则。,"关联分析,频繁项集,强关联规则",模块1
q009,choice,模块1-数据预处理与关联规则,Apriori先验原理,3,Apriori算法的先验原理（Apriori Property）的核心内容是？,频繁项集的超集必然频繁,非频繁项集的超集必然非频繁,非频繁项集的子集可能频繁,频繁项集和非频繁项集没有包含关系,B,0.0,,先验原理：如果一个项集是非频繁的，那么它的所有超集也必然是非频繁的。该原理是Apriori算法剪枝的核心依据，可以大幅减少候选项集数量。,"Apriori,先验原理,剪枝,非频繁项集",模块1
q010,choice,模块1-数据预处理与关联规则,支持度+置信度误导,3,为什么仅靠支持度和置信度来筛选关联规则可能会产生误导？,因为支持度计算需要使用全量数据,因为置信度没有考虑后项Y的全局出现概率,因为支持度总是小于置信度,因为两种指标的计算方式完全相同,B,0.0,,置信度 $conf(X \rightarrow Y) = P(Y|X)$ 只衡量了条件概率，但如果Y本身在全局出现概率就很高（如牛奶），即使X与Y无关，置信度也可能很高。因此需要引入提升度Lift来对比后项全局概率。,"置信度,误导,全局概率,提升度",模块1
q011,choice,模块1-数据预处理与关联规则,Apriori算法瓶颈,3,Apriori算法的主要性能瓶颈是什么？,只能处理数值型数据,需要多次扫描数据库且产生庞大的候选项集,无法处理超过100条事务的数据集,必须事先知道所有频繁项集,B,0.0,,Apriori算法的主要瓶颈：①每生成一层频繁项集都需要扫描一次数据库，导致多次I/O开销；②可能产生庞大的候选项集（尤其是2-项集），占用大量内存和计算资源。,"Apriori,瓶颈,多次扫描,候选项集",模块1
q012,choice,模块1-数据预处理与关联规则,强关联规则条件,3,一条关联规则被称为'强关联规则'需要同时满足什么条件？,只需满足最小支持度,只需满足最小置信度,同时满足最小支持度和最小置信度,同时满足最小支持度、最小置信度和最小提升度,C,0.0,,强关联规则必须同时满足两个条件：支持度 >= 最小支持度阈值（min_sup）且置信度 >= 最小置信度阈值（min_conf）。提升度是额外评估指标，并非强关联规则的定义条件。,"强关联规则,最小支持度,最小置信度",模块1
q013,choice,模块1-数据预处理与关联规则,数据变换vs离散化,3,关于数据变换和数据离散化，以下说法正确的是？,数据变换和数据离散化是完全相同的概念,离散化是数据变换的一种具体形式，将连续值映射为离散区间,数据变换只包括归一化，不包括离散化,离散化是数据清理的一种方法,B,0.0,,数据变换是一个广义概念，包括平滑、聚集、泛化、归一化、离散化等。离散化是数据变换的一种具体形式，通过将连续属性值划分为有限个区间，用区间标签替代实际数值。,"数据变换,离散化,连续值",模块1
q014,choice,模块1-数据预处理与关联规则,提升度综合理解,4,已知规则 $A \rightarrow B$ 的置信度为80%，但B的全局支持度为90%，此时提升度Lift约为？该规则说明了什么？,Lift≈0.89，说明A的出现反而降低了B的发生概率,Lift≈1.13，说明A和B强正相关,Lift=0.80，说明规则无意义,Lift=1.70，说明A和B完全独立,A,0.0,,$Lift = P(B|A) / P(B) = 0.80 / 0.90 \approx 0.89 < 1$，说明A的出现反而降低了B的发生概率，两者呈负相关。这体现了仅看置信度（80%看似很高）产生的误导——B本身出现概率就高达90%。,"提升度,置信度误导,负相关",模块1
q015,choice,模块1-数据预处理与关联规则,数据规约,4,以下哪种方法不属于数据规约？,维规约（如PCA主成分分析）,数量规约（如抽样）,数据压缩,缺失值填充,D,0.0,,数据规约旨在减少数据量但保持数据完整性，包括维规约（PCA、属性子集选择）、数量规约（抽样、聚类）、数据压缩。缺失值填充属于数据清理，不是数据规约。,"数据规约,维规约,数量规约,缺失值填充",模块1
q016,choice,模块1-数据预处理与关联规则,等深分箱与等宽分箱对比,5,关于等宽分箱和等深分箱的对比，以下说法错误的是？,等宽分箱按值的区间宽度均匀划分，每箱值域范围相同,等深分箱每箱包含的数据记录数相同,等宽分箱在数据分布极不均匀时，某些箱可能为空或数据极少,等深分箱要求数据必须服从正态分布,D,0.0,,等深分箱不要求数据服从正态分布，它只保证每箱的记录数相同，与数据分布无关。等宽分箱在数据分布不均时确实可能出现空箱或数据稀疏的问题。,"等宽分箱,等深分箱,数据分布",模块1
q017,choice,模块1-数据预处理与关联规则,先验原理剪枝,1,Apriori算法的先验原理是剪枝的核心依据，即非频繁项集的超集也非频繁，从而减少候选项集数量。,对,错,,,A,0.0,,正确。先验原理正是Apriori算法剪枝的核心：非频繁项集的所有超集必然非频繁，因此无需生成和计算这些超集的支持度。,"先验原理,剪枝,非频繁项集",模块1
q018,choice,模块1-数据预处理与关联规则,置信度局限,2,置信度指标没有考虑后件Y的全局概率，容易产生误导性规则。,对,错,,,A,0.0,,正确。置信度 $P(Y|X)$ 只看条件概率，如果Y本身全局概率很高（如90%），即使X与Y无关，置信度也可能虚高，因此需要引入提升度来对比全局概率。,"置信度,全局概率,误导",模块1
q019,choice,模块1-数据预处理与关联规则,非频繁项集超集,2,根据先验原理，如果一个项集是非频繁的，那么它的所有超集也必然是非频繁的。,对,错,,,A,0.0,,正确。这是先验原理的核心内容。反证：若存在一个超集是频繁的，则根据性质'频繁项集的子集必频繁'，其子集（即原非频繁项集）也应为频繁，矛盾。,"先验原理,非频繁项集,超集",模块1
q020,choice,模块1-数据预处理与关联规则,支持度vs置信度,1,支持度用于衡量关联规则的准确性，即规则在数据中的可信程度。,对,错,,,B,0.0,,错误。支持度衡量规则的普遍性（出现的频率），置信度才是衡量规则准确性（可信程度）的指标。$s = P(XY)$，$c = P(Y|X)$。,"支持度,置信度,准确性,普遍性",模块1
q021,choice,模块1-数据预处理与关联规则,提升度含义,1,提升度Lift=1表示前件X和后件Y之间存在正相关关系。,对,错,,,B,0.0,,错误。Lift=1表示X和Y相互独立，既不正相关也不负相关。Lift>1才是正相关，Lift<1为负相关。,"提升度,Lift,独立",模块1
q022,choice,模块1-数据预处理与关联规则,关联规则挖掘条件,1,关联规则挖掘只需要满足最小支持度即可，不需要考虑置信度。,对,错,,,B,0.0,,错误。关联规则挖掘分为两步：先找频繁项集（满足最小支持度），再提取强关联规则（同时满足最小支持度和最小置信度），两者缺一不可。,"关联规则,最小支持度,最小置信度",模块1
q023,choice,模块1-数据预处理与关联规则,等宽分箱vs等深分箱,2,等宽分箱和等深分箱是同一概念，只是叫法不同。,对,错,,,B,0.0,,错误。等宽分箱按值的区间宽度均匀划分（每箱值域范围相同），等深分箱按记录数均匀划分（每箱数据量相同）。两者划分标准不同，结果也往往不同。,"等宽分箱,等深分箱,区别",模块1
q024,choice,模块1-数据预处理与关联规则,IQR公式,1,四分位极差IQR的计算公式为 $IQR = Q_2 - Q_1$。,对,错,,,B,0.0,,错误。IQR的正确公式为 $IQR = Q_3 - Q_1$（第三四分位数减第一四分位数），而非 $Q_2 - Q_1$。$Q_2$ 是中位数，不参与IQR计算。,"IQR,四分位极差,Q3,Q1",模块1
q025,choice,模块1-数据预处理与关联规则,频繁项集子集性质,2,所有频繁项集的子集也一定是频繁的，这是先验原理的直接推论。,对,错,,,A,0.0,,正确。这是先验原理的等价表述：频繁项集的子集必频繁（反蕴含关系）。因为子集的支持度 >= 超集的支持度，若超集满足min_sup，子集必然满足。,"频繁项集,子集,先验原理",模块1
q026,choice,模块1-数据预处理与关联规则,Apriori扫描次数,2,Apriori算法只需要扫描一次数据库即可找出所有频繁项集。,对,错,,,B,0.0,,错误。Apriori算法在生成每一层k-频繁项集时都需要扫描一次数据库来计算支持度，因此需要多次扫描（k次，k为最大频繁项集长度）。这正是其主要性能瓶颈之一。,"Apriori,多次扫描,数据库",模块1
q027,choice,模块1-数据预处理与关联规则,数据规约定义,2,数据规约是指删除所有包含缺失值的数据记录。,对,错,,,B,0.0,,错误。数据规约是在保持数据完整性的前提下减少数据量（如维规约、数量规约、压缩）。删除缺失值记录属于数据清理中的缺失值处理，不是数据规约。,"数据规约,缺失值,数据清理",模块1
q028,choice,模块1-数据预处理与关联规则,等深分箱,1,等深分箱（等频分箱）保证每个箱子包含的数据记录数量相同。,对,错,,,A,0.0,,正确。等深分箱（也称等频分箱）按记录数均匀划分，确保每个箱子中包含相同数量的数据记录，而不关心每个箱子的值域范围。,"等深分箱,等频分箱,记录数",模块1
q029,choice,模块1-数据预处理与关联规则,离群点判定标准,1,"使用IQR判定离群点的标准是：数据值落在 $[Q_1-1.5 \times IQR, Q_3+1.5 \times IQR]$ 范围之外的视为离群点。",对,错,,,A,0.0,,正确。这是标准的IQR离群点判定方法：下界为 $Q_1-1.5 \times IQR$，上界为 $Q_3+1.5 \times IQR$，超出此范围即为离群点。,"离群点,IQR,判定标准",模块1
q030,choice,模块1-数据预处理与关联规则,数据变换vs离散化,2,数据变换和离散化是完全相同的概念，可以互换使用。,对,错,,,B,0.0,,错误。数据变换是广义概念，包括平滑、聚集、归一化、离散化等多种方法。离散化只是数据变换的一种具体形式，两者是包含关系而非等同关系。,"数据变换,离散化,包含关系",模块1
q031,choice,模块1-数据预处理与关联规则,支持度公式N,2,在支持度公式 $s(X) = \sigma(X) / N$ 中，N代表包含项集X的事务数。,对,错,,,B,0.0,,错误。N代表数据库中的总事务数，而 $\sigma(X)$ 才是包含项集X的事务数。$s(X)$ 是X在总事务中出现的频率。,"支持度,N,总事务数",模块1
q032,choice,模块1-数据预处理与关联规则,关联规则vs分类,1,关联规则挖掘与分类任务是完全相同的机器学习任务。,对,错,,,B,0.0,,错误。关联规则挖掘是无监督学习方法，发现数据中项之间的有趣关系；分类是有监督学习方法，通过训练集学习模型来预测新数据的类别标签。两者目标和方法完全不同。,"关联规则,分类,无监督,有监督",模块1
q033,fill,模块1-数据预处理与关联规则,数据预处理四大类,1,数据预处理的四大类方法包括：数据清理、数据集成、数据变换、____。,,,,,数据规约,1.0,四个字，核心思想是减少数据量但保持完整性,数据预处理四大类：数据清理（处理缺失值、噪声等）、数据集成（合并多源数据）、数据变换（归一化、离散化等）、数据规约（维规约、数量规约等）。,"数据预处理,数据规约",模块1
q034,fill,模块1-数据预处理与关联规则,IQR公式,1,四分位极差IQR的计算公式为：$IQR =$ ____。,,,,,Q3-Q1,1.0,用Q3和Q1表示,IQR = Q3 - Q1，即第三四分位数减去第一四分位数，衡量中间50%数据的分布范围。,"IQR,四分位极差,Q3,Q1",模块1
q035,fill,模块1-数据预处理与关联规则,支持度公式,1,关联规则中项集X的支持度公式为：$s(X) =$ ____。,,,,,σ(X)/N,1.0,用σ(X)和N表示,支持度 $s(X) = \sigma(X) / N$，即包含项集X的事务数除以总事务数，反映X在数据集中出现的频率。,"支持度,公式,σ(X),N",模块1
q036,fill,模块1-数据预处理与关联规则,关联分析目标,2,关联规则挖掘的核心目标分两步：第一步发现____，第二步提取____。,,,,,频繁项集||强关联规则,2.0,第一步找出满足最小支持度的集合，第二步从中提取满足最小置信度的规则,关联分析两步走：①发现频繁项集（满足最小支持度阈值）；②从频繁项集中提取强关联规则（满足最小置信度阈值）。,"关联分析,频繁项集,强关联规则",模块1
q037,fill,模块1-数据预处理与关联规则,提升度含义,2,提升度Lift>1表示前件和后件之间存在____关系。,,,,,正相关,1.0,三个字，表示一个出现会促进另一个出现,Lift>1表示正相关，即前件的出现增加了后件出现的概率；Lift=1表示独立；Lift<1表示负相关。,"提升度,正相关,Lift",模块1
q038,fill,模块1-数据预处理与关联规则,Apriori先验原理,3,Apriori算法基于____原理进行剪枝，避免生成不必要的候选项集。,,,,,先验,1.0,两个字，即Apriori Property,先验原理（Apriori Property）是Apriori算法的核心：非频繁项集的超集必非频繁，据此可在生成候选项集时提前剪枝，大幅减少计算量。,"Apriori,先验原理,剪枝",模块1
q039,fill,模块1-数据预处理与关联规则,分箱法三种方式,2,分箱法的三种基本方式为：等宽分箱、____、等距分箱。,,,,,等深分箱,1.0,四个字，也称等频分箱,分箱法三种方式：等宽分箱（按值域宽度划分）、等深分箱（按记录数划分，也称等频分箱）、等距分箱（按固定间距划分）。,"分箱法,等深分箱,等频分箱",模块1
q040,fill,模块1-数据预处理与关联规则,离群点判定,2,使用IQR判定离群点：数据值小于____或大于____时视为离群点。,,,,,Q1-1.5×IQR||Q3+1.5×IQR,2.0,用Q1、Q3和IQR表示上下界,离群点判定标准：下界为 $Q_1-1.5 \times IQR$，上界为 $Q_3+1.5 \times IQR$。超出此范围的即为离群点。,"离群点,IQR,Q1,Q3",模块1
q041,choice,模块2-决策树与规则分类器,ID3划分标准,1,ID3决策树算法使用什么作为属性划分标准？,基尼系数（Gini Index）,信息增益（Information Gain）,信息增益率（Gain Ratio）,卡方检验（Chi-Square）,B,0.0,,ID3算法使用信息增益作为属性划分标准，选择信息增益最大的属性作为当前节点的测试属性。C4.5使用信息增益率，CART使用基尼系数。,"ID3,信息增益,划分标准",模块2
q042,choice,模块2-决策树与规则分类器,信息熵公式,1,信息熵的计算公式为？,$Info(D) = -\sum p_i \cdot \log_2(p_i)$,$Info(D) = \sum p_i \cdot \log_2(p_i)$,$Info(D) = 1 - \sum p_i^2$,$Info(D) = \sum p_i^2$,A,0.0,,信息熵公式 $Info(D) = -\sum p_i \cdot \log_2(p_i)$。选项C是基尼系数公式 $Gini = 1 - \sum p_i^2$。,"信息熵,公式,ID3",模块2
q043,choice,模块2-决策树与规则分类器,ID3偏向多值属性,2,ID3算法在选择划分属性时存在什么偏向？,偏向取值较少的属性,偏向取值较多的属性,偏向连续属性,无任何偏向，完全公平,B,0.0,,ID3使用信息增益选择属性，而信息增益天然偏向于选择取值较多的属性（如主键ID），因为取值越多通常信息增益越大。这是ID3的主要缺陷之一，C4.5通过信息增益率加以修正。,"ID3,偏向,多值属性,信息增益",模块2
q044,choice,模块2-决策树与规则分类器,ID3缺陷,2,ID3算法无法处理以下哪种情况？,离散属性,连续属性和缺失值,二分类问题,多分类问题,B,0.0,,ID3算法的主要缺陷：①无法处理连续属性（需预先离散化）；②无法处理缺失值；③偏向多值属性；④无剪枝功能。C4.5针对这些缺陷做了全面改进。,"ID3,连续属性,缺失值,缺陷",模块2
q045,choice,模块2-决策树与规则分类器,C4.5四大改进,2,C4.5相对于ID3的四大改进不包括以下哪一项？,使用信息增益率替代信息增益,能处理连续属性,引入随机森林集成策略,增加剪枝处理,C,0.0,,C4.5四大改进：①信息增益率替代信息增益；②能处理连续属性（二分法）；③能处理缺失值（F因子+权重分配）；④增加剪枝处理（后剪枝）。随机森林是独立的集成算法，不是C4.5的改进。,"C4.5,四大改进,ID3,随机森林",模块2
q046,choice,模块2-决策树与规则分类器,信息增益率公式,2,信息增益率（Gain Ratio）的计算公式是？,$GainRatio = Gain(A) \times SplitInfo(A)$,$GainRatio = Gain(A) / SplitInfo(A)$,$GainRatio = SplitInfo(A) / Gain(A)$,$GainRatio = Gain(A) - SplitInfo(A)$,B,0.0,,信息增益率 $GainRatio(A) = Gain(A) / SplitInfo(A)$，其中SplitInfo(A)用于惩罚取值较多的属性，从而修正ID3偏向多值属性的问题。,"信息增益率,GainRatio,SplitInfo",模块2
q047,choice,模块2-决策树与规则分类器,C4.5连续值处理,3,C4.5处理连续属性的正确步骤是？,直接使用连续值作为分裂点,排序→取相邻值的中点→二分法评估最佳分裂点,使用K-Means聚类后离散化,随机选取一个值作为分裂点,B,0.0,,C4.5处理连续属性：①对连续值排序；②取相邻值的中点（或较小值）作为候选分裂点；③将数据二分为小于等于和大于该分裂点两部分；④选择信息增益率最大的分裂点。,"C4.5,连续属性,二分法,分裂点",模块2
q048,choice,模块2-决策树与规则分类器,CART基尼系数,1,CART决策树使用什么作为划分标准？,信息增益,信息增益率,基尼系数（Gini Index）,均方误差,C,0.0,,CART（分类与回归树）使用基尼系数 $Gini = 1 - \sum p_i^2$ 作为分类树的划分标准。基尼系数越小，数据纯度越高。,"CART,基尼系数,Gini,划分标准",模块2
q049,choice,模块2-决策树与规则分类器,基尼系数与纯度,1,基尼系数与数据集纯度的关系是？,基尼系数越大，纯度越高,基尼系数越小，纯度越高,基尼系数与纯度无关,基尼系数恒为0.5，不反映纯度,B,0.0,,"基尼系数 $Gini = 1 - \sum p_i^2$，取值范围[0, 0.5]（二分类）。当所有样本属于同一类时Gini=0（纯度最高），当各类均匀分布时Gini最大（纯度最低）。","基尼系数,纯度,负相关",模块2
q050,choice,模块2-决策树与规则分类器,预剪枝vs后剪枝,2,关于预剪枝和后剪枝的区别，以下描述正确的是？,预剪枝在树构建完成后自底向上剪枝,后剪枝在树构建过程中提前停止生长,预剪枝在构建过程中提前停止，后剪枝在构建完成后自底向上剪枝,两者完全相同，只是叫法不同,C,0.0,,预剪枝（Pre-pruning）在决策树构建过程中提前停止分裂（如达到阈值）；后剪枝（Post-pruning）先让树完全生长，再自底向上用叶节点替换子树并评估效果。,"预剪枝,后剪枝,区别",模块2
q051,choice,模块2-决策树与规则分类器,决策树结构,1,决策树中，每个非叶子节点代表什么？,分类标签,对某个属性的测试条件,训练样本,最终决策结果,B,0.0,,决策树结构：根节点和非叶子节点代表对某个属性的测试条件，分支代表测试结果，叶节点代表分类标签（最终决策结果）。,"决策树,非叶子节点,测试条件",模块2
q052,choice,模块2-决策树与规则分类器,终止划分条件,2,决策树停止划分的终止条件不包括以下哪一项？,当前节点所有样本属于同一类,无剩余属性可用，采用多数表决,信息增益达到最大值,当前节点样本数小于阈值（预剪枝）,C,0.0,,终止条件：①节点样本全属同一类→标记为叶节点；②无剩余属性→多数表决；③预剪枝条件（如样本数不足、深度达上限）。信息增益最大不是终止条件，而是选择划分属性的依据。,"决策树,终止条件,叶节点",模块2
q053,choice,模块2-决策树与规则分类器,规则分类器性质,3,基于规则的分类器中，穷尽性（Exhaustive）和互斥性（Mutually Exclusive）的含义分别是？,穷尽性=每条记录至少匹配一条规则；互斥性=每条记录最多匹配一条规则,穷尽性=每条记录匹配所有规则；互斥性=每条记录不匹配任何规则,穷尽性=规则覆盖所有属性；互斥性=规则互不重叠,穷尽性=规则集合无冗余；互斥性=规则按优先级排序,A,0.0,,穷尽性：数据集中的每条记录至少被一条规则覆盖；互斥性：每条记录最多被一条规则覆盖。同时满足两者时，每条记录恰好被一条规则覆盖。,"穷尽性,互斥性,规则分类器",模块2
q054,choice,模块2-决策树与规则分类器,决策树转规则,2,决策树的每条从根到叶的路径可以直接转化为？,一条神经网络连接,一条IF-THEN分类规则,一个支持向量机超平面,一个贝叶斯概率公式,B,0.0,,决策树的每条根到叶路径对应一条IF-THEN分类规则：路径上的测试条件用AND连接作为IF部分，叶节点标签作为THEN部分。这就是树-规则等价性。,"决策树,IF-THEN,规则,路径",模块2
q055,choice,模块2-决策树与规则分类器,置信度比较性质,3,关于规则置信度的比较性质，以下描述正确的是？,添加前件条件会增加规则的置信度,若 $X \subseteq Z$，则 $conf(Z \rightarrow Y) \leq conf(X \rightarrow Y)$,若 $X \subseteq Z$，则 $conf(Z \rightarrow Y) \geq conf(X \rightarrow Y)$,置信度与前件复杂度无关,B,0.0,,置信度比较性质：当 $X \subseteq Z$ 时，$conf(Z \rightarrow Y) \leq conf(X \rightarrow Y)$。添加更多前件条件（更严格的约束）不会增加置信度，可能降低或保持不变。,"置信度,比较性质,前件,子集",模块2
q056,choice,模块2-决策树与规则分类器,信息增益公式,2,信息增益的计算公式为？,$Gain(A) = Info(D) + Info_A(D)$,$Gain(A) = Info(D) - Info_A(D)$,$Gain(A) = Info_A(D) - Info(D)$,$Gain(A) = Info(D) \times Info_A(D)$,B,0.0,,信息增益 $Gain(A) = Info(D) - Info_A(D)$，即原数据集的信息熵减去按属性A划分后的条件熵。信息增益越大，表示使用A划分后纯度提升越多。,"信息增益,信息熵,条件熵",模块2
q057,choice,模块2-决策树与规则分类器,条件熵计算,3,条件熵 $Info_A(D)$ 的计算方式是？,直接计算划分后各子集信息熵的最大值,按属性A各取值对应的样本量加权平均各子集的信息熵,计算划分后各子集信息熵的最小值,计算划分后各子集信息熵的几何平均值,B,0.0,,条件熵 $Info_A(D) = \sum_{j=1}^{v} \frac{|D_j|}{|D|} \times Info(D_j)$，即按属性A的每个取值v分别计算子集的信息熵，再以各子集样本比例加权平均。,"条件熵,加权平均,属性划分",模块2
q058,choice,模块2-决策树与规则分类器,SplitInfo作用,3,信息增益率中SplitInfo(A)的作用是？,放大信息增益，使选择更明确,惩罚取值较多的属性，避免偏向多值属性,计算属性A取值的均值,衡量属性A与类别标签的相关性,B,0.0,,SplitInfo(A)是属性A的'分裂信息'，$SplitInfo(A) = -\sum \frac{|D_j|}{|D|} \log_2(\frac{|D_j|}{|D|})$。属性取值越多，SplitInfo越大，作为分母会降低信息增益率，从而惩罚多值属性。,"SplitInfo,信息增益率,惩罚,多值属性",模块2
q059,choice,模块2-决策树与规则分类器,缺失值处理,4,C4.5算法中处理缺失值的方法不包括以下哪一项？,建树时引入F因子修正信息增益,分裂时将缺失值样本按权重分配到各子节点,直接删除所有含缺失值的样本,预测时使用概率加权的方式确定路径,C,0.0,,C4.5处理缺失值：①建树时用F因子（已知值比例）修正信息增益率；②分裂时将缺失值样本按权重分配到各分支；③预测时沿多分支概率加权。直接删除是简单粗暴的方法，不是C4.5的做法。,"C4.5,缺失值,F因子,权重分配",模块2
q060,choice,模块2-决策树与规则分类器,后剪枝过程,3,后剪枝的基本过程是？,在构建树时提前设定最大深度,让树完全生长后，自底向上尝试用叶节点替换子树并评估,从根节点开始逐层删除分支,随机删除一定比例的叶子节点,B,0.0,,后剪枝：先让决策树完全生长，然后自底向上检查每个非叶节点——尝试将其替换为叶节点（多数类），若替换后在验证集上性能不降低则执行剪枝。,"后剪枝,自底向上,子树替换",模块2
q061,choice,模块2-决策树与规则分类器,信息增益偏向,2,信息增益天然偏向于选择多值属性，这是因为？,多值属性总是与类别标签高度相关,多值属性划分后每个子集更纯（甚至每个子集只有一个样本），导致条件熵趋近于0,多值属性的计算复杂度更低,多值属性的信息熵天然更大,B,0.0,,多值属性（如ID）划分后每个子集样本极少甚至唯一，信息熵接近0，条件熵也接近0，导致信息增益极大。但这并不代表该属性有好的泛化能力，只是过拟合训练数据。,"信息增益,多值属性,偏向,过拟合",模块2
q062,choice,模块2-决策树与规则分类器,决策树可解释性,1,决策树被称为'白盒模型'是因为？,决策树使用白色背景的界面,决策树的决策过程可以通过路径规则直观理解和解释,决策树内部使用白噪声进行训练,决策树只处理白天的数据,B,0.0,,决策树是白盒模型（可解释模型），因为其决策过程可以通过从根到叶的路径规则直观理解，每步划分都有明确的逻辑。相比之下，神经网络是黑盒模型。,"决策树,白盒模型,可解释性",模块2
q063,choice,模块2-决策树与规则分类器,有序规则集,3,关于有序规则集（Ordered Rule Set），以下描述正确的是？,所有规则同时评估，投票决定最终分类,规则按优先级排序，第一条命中的规则决定分类结果,规则按字母顺序排列,与无序规则集完全相同,B,0.0,,有序规则集：规则按优先级排序，对新样本按顺序匹配，第一条命中的规则即决定分类结果，后续规则不再评估。这是决策树直接转换得到的规则集形式。,"有序规则集,优先级,第一条命中",模块2
q064,choice,模块2-决策树与规则分类器,训练集测试集,4,关于训练集和测试集的划分，以下说法错误的是？,训练集和测试集必须互斥（无重叠样本）,留出法（Hold-out）是常见的训练集/测试集划分方法,交叉验证法可以更充分地利用数据,训练集和测试集可以包含相同样本以增加训练数据量,D,0.0,,训练集和测试集必须互斥，不能有重叠。若测试集包含训练样本，测试结果会虚高，无法真实反映模型的泛化能力。留出法、交叉验证法都保证互斥。,"训练集,测试集,互斥,留出法,交叉验证",模块2
q065,choice,模块2-决策树与规则分类器,信息熵非负,1,信息熵 $Info(D) = -\sum p_i \cdot \log_2(p_i)$ 的值恒为非负数。,对,错,,,A,0.0,,正确。由于 $0 \leq p_i \leq 1$，$\log_2(p_i) \leq 0$，因此 $-p_i \log_2(p_i) \geq 0$，信息熵恒为非负。当所有样本属于同一类时熵为0。,"信息熵,非负性",模块2
q066,choice,模块2-决策树与规则分类器,信息增益非负,2,信息增益的值可能为负数。,对,错,,,B,0.0,,错误。信息增益 $Gain(A) = Info(D) - Info_A(D)$，由于划分后条件熵 $Info_A(D) \leq Info(D)$（划分不会增加不确定性），因此信息增益恒为非负。,"信息增益,非负",模块2
q067,choice,模块2-决策树与规则分类器,ID3连续属性,1,ID3算法能够直接处理连续型属性，无需预先离散化。,对,错,,,B,0.0,,错误。ID3只能处理离散属性，无法直接处理连续属性。这是ID3的主要缺陷之一，C4.5通过二分法解决了连续属性处理问题。,"ID3,连续属性,缺陷",模块2
q068,choice,模块2-决策树与规则分类器,C4.5划分标准,1,C4.5算法使用信息增益（Information Gain）作为属性划分标准。,对,错,,,B,0.0,,错误。C4.5使用信息增益率（Gain Ratio）而非信息增益。ID3使用信息增益，C4.5改用信息增益率来修正ID3偏向多值属性的问题。,"C4.5,信息增益率,信息增益",模块2
q069,choice,模块2-决策树与规则分类器,基尼系数与纯度,1,基尼系数（Gini Index）越大，表示数据集的纯度越高。,对,错,,,B,0.0,,错误。基尼系数越小，纯度越高。Gini=0表示所有样本属于同一类（最纯），Gini越接近0.5表示类别越混杂（纯度越低）。,"基尼系数,纯度,反比关系",模块2
q070,choice,模块2-决策树与规则分类器,预剪枝vs后剪枝,2,预剪枝是指在决策树完全生长并分类所有训练样本后，再对树进行剪枝。,对,错,,,B,0.0,,错误。题目描述的是后剪枝。预剪枝是在树构建过程中提前停止（如设置最大深度、最小样本数），后剪枝才是先完全生长再剪枝。,"预剪枝,后剪枝,区别",模块2
q071,choice,模块2-决策树与规则分类器,决策树路径转规则,1,决策树的每条从根节点到叶节点的路径都可以转化为一条分类规则。,对,错,,,A,0.0,,正确。这是树-规则等价性的核心：每条路径上的测试条件用AND连接构成IF部分，叶节点标签构成THEN部分，即IF条件1 AND 条件2 ... THEN 类别。,"决策树,路径,IF-THEN规则",模块2
q072,choice,模块2-决策树与规则分类器,穷尽性,2,规则分类器的穷尽性（Exhaustive）要求数据集中的每条记录至少被一条规则覆盖。,对,错,,,A,0.0,,正确。穷尽性确保数据集中的每条记录都至少有一条规则能覆盖它，避免出现'无法分类'的情况。通常用默认规则（default class）来保证穷尽性。,"穷尽性,规则覆盖",模块2
q073,choice,模块2-决策树与规则分类器,互斥性,2,互斥性（Mutually Exclusive）允许一条记录同时匹配多条规则。,对,错,,,B,0.0,,错误。互斥性要求每条记录最多匹配一条规则，即规则之间不能有重叠。如果一条记录能同时匹配多条规则，则不满足互斥性。,"互斥性,规则冲突",模块2
q074,choice,模块2-决策树与规则分类器,置信度比较性质,3,根据置信度比较性质，当 $X \subseteq Z$ 时，添加更多前件条件不会增加规则的置信度。,对,错,,,A,0.0,,正确。$conf(Z \rightarrow Y) \leq conf(X \rightarrow Y)$ 当 $X \subseteq Z$。添加更多前件条件（更严格的约束）不会增加置信度，只会保持或降低。,"置信度,比较性质,前件条件",模块2
q075,choice,模块2-决策树与规则分类器,信息增益率公式,2,信息增益率的计算公式为：信息增益率 = 信息增益 / 分裂信息（SplitInfo）。,对,错,,,A,0.0,,正确。$GainRatio(A) = Gain(A) / SplitInfo(A)$。SplitInfo(A)衡量属性A自身的信息量，取值越多则SplitInfo越大，从而惩罚多值属性。,"信息增益率,公式,SplitInfo",模块2
q076,choice,模块2-决策树与规则分类器,C4.5连续值二分法,2,C4.5处理连续属性时使用三分法，即将连续值分为三个区间。,对,错,,,B,0.0,,错误。C4.5使用二分法处理连续属性：排序后取相邻值中点，每次二分（小于等于/大于），选择信息增益率最大的分裂点。不是三分法。,"C4.5,二分法,连续属性",模块2
q077,choice,模块2-决策树与规则分类器,ID3无剪枝,1,ID3算法具有内置的剪枝功能，可以有效防止过拟合。,对,错,,,B,0.0,,错误。ID3没有剪枝功能，这是其缺陷之一。C4.5在ID3基础上增加了剪枝处理（后剪枝），以控制树的大小和防止过拟合。,"ID3,剪枝,过拟合,C4.5",模块2
q078,choice,模块2-决策树与规则分类器,叶节点含义,1,决策树的叶节点代表对某个属性的测试条件。,对,错,,,B,0.0,,错误。决策树的叶节点代表分类标签（最终决策结果），非叶子节点才代表对属性的测试条件。结构为：根节点→非叶节点（测试条件）→分支→叶节点（标签）。,"决策树,叶节点,分类标签,测试条件",模块2
q079,choice,模块2-决策树与规则分类器,训练集测试集互斥,2,训练集和测试集可以不互斥，即允许测试样本出现在训练集中。,对,错,,,B,0.0,,错误。训练集和测试集必须互斥，否则测试结果无法反映模型的真实泛化能力。用训练过的样本测试会产生虚高的评估结果。,"训练集,测试集,互斥,泛化",模块2
q080,choice,模块2-决策树与规则分类器,交叉验证,2,交叉验证法（Cross-Validation）是一种常用的获取测试集的方法。,对,错,,,A,0.0,,正确。交叉验证（如k-fold）将数据分为k份，轮流用k-1份训练、1份测试，每份都做过测试集，能更充分地利用数据评估模型性能。,"交叉验证,测试集,评估",模块2
q081,choice,模块2-决策树与规则分类器,留出法,1,留出法（Hold-out）是获取测试集的一种常用方法，将数据集分为训练集和测试集两部分。,对,错,,,A,0.0,,正确。留出法是最简单的数据集划分方法，将数据集按比例（如7:3）随机分为互斥的训练集和测试集。,"留出法,Hold-out,测试集",模块2
q082,choice,模块2-决策树与规则分类器,树-规则等价性,2,树-规则等价性是指决策树和神经网络在数学上是等价的。,对,错,,,B,0.0,,错误。树-规则等价性是指决策树的每条根到叶路径可以转化为一条IF-THEN分类规则，且规则集与决策树在分类功能上等价，而非与神经网络等价。,"树-规则等价性,路径转规则",模块2
q083,choice,模块2-决策树与规则分类器,无序规则集投票,3,无序规则集中，当多条规则同时匹配一条记录时，通常采用投票方式决定最终分类。,对,错,,,A,0.0,,正确。无序规则集没有优先级，当多条规则同时匹配时，采用投票（多数表决）或加权投票方式决定最终分类。这与有序规则集（第一条命中即生效）的处理方式不同。,"无序规则集,投票,冲突解决",模块2
q084,choice,模块2-决策树与规则分类器,CART划分标准,1,CART和ID3使用相同的划分标准。,对,错,,,B,0.0,,错误。ID3使用信息增益，CART使用基尼系数（Gini Index），C4.5使用信息增益率。三种算法使用不同的划分标准。,"CART,ID3,划分标准,基尼系数,信息增益",模块2
q085,choice,模块2-决策树与规则分类器,概率估计,2,"在信息增益公式中，$p_i$ 通常用 $|C_{i,D}| / |D|$ 来估计，即类别 $C_i$ 在数据集D中的比例。",对,错,,,A,0.0,,"正确。在信息增益的实际计算中，$p_i$ 通过训练数据中各类别的样本比例 $|C_{i,D}| / |D|$ 来估计，这是频率学派的概率估计方法。","信息增益,概率估计,频率",模块2
q086,choice,模块2-决策树与规则分类器,ID3分裂后删属性,2,ID3算法中，当一个属性被选为当前节点的测试属性后，在其子树的构建中会删除该属性列。,对,错,,,A,0.0,,正确。ID3在划分后，该属性已用于当前路径，在子树中不再使用（删除该属性列），确保每个属性在一条路径上最多使用一次，避免冗余。,"ID3,属性删除,划分",模块2
q087,choice,模块2-决策树与规则分类器,有监督vs无监督,1,分类任务属于有监督学习，聚类任务属于无监督学习。,对,错,,,A,0.0,,正确。分类任务使用带标签的训练数据（有监督），聚类任务不需要标签，根据数据内在结构自动分组（无监督）。,"有监督学习,无监督学习,分类,聚类",模块2
q088,choice,模块2-决策树与规则分类器,决策树需要训练集,1,决策树的构建不需要训练集，可以直接对测试数据进行分类。,对,错,,,B,0.0,,错误。决策树是有监督学习方法，构建过程必须使用训练集来学习划分规则。没有训练集，决策树无法确定哪些属性作为测试条件以及如何划分。,"决策树,训练集,有监督学习",模块2
q089,fill,模块2-决策树与规则分类器,ID3划分标准,1,ID3决策树算法使用____作为属性划分标准。,,,,,信息增益,1.0,四个字，英文Information Gain,ID3使用信息增益选择划分属性，选择信息增益最大的属性作为当前节点的测试属性。,"ID3,信息增益,划分标准",模块2
q090,fill,模块2-决策树与规则分类器,信息熵公式,1,信息熵的计算公式为：$Info(D) =$ ____。,,,,,-Σp_i·log₂(p_i),1.0,用求和符号、p_i和log₂表示,信息熵公式 $Info(D) = -\sum_{i=1}^{m} p_i \cdot \log_2(p_i)$，其中 $p_i$ 是第i类在D中的比例，m是类别数。,"信息熵,公式,ID3",模块2
q091,fill,模块2-决策树与规则分类器,C4.5划分标准,1,C4.5算法使用____作为属性划分标准，修正了ID3偏向多值属性的问题。,,,,,信息增益率,1.0,五个字，英文Gain Ratio,C4.5使用信息增益率 $GainRatio(A) = Gain(A) / SplitInfo(A)$，通过SplitInfo惩罚多值属性，修正ID3的偏向问题。,"C4.5,信息增益率,GainRatio",模块2
q092,fill,模块2-决策树与规则分类器,基尼系数公式,2,CART使用的基尼系数公式为：$Gini(D) =$ ____。,,,,,1-Σp_i²,1.0,用1、求和符号和p_i平方表示,基尼系数 $Gini(D) = 1 - \sum_{i=1}^{m} p_i^2$，值越小表示数据集纯度越高。CART用基尼系数选择划分属性。,"基尼系数,公式,CART",模块2
q093,fill,模块2-决策树与规则分类器,剪枝分类,2,决策树的剪枝分为____和____两种。,,,,,预剪枝||后剪枝,2.0,第一种是构建时提前停止，第二种是构建完成后剪枝,预剪枝在树构建过程中提前停止生长；后剪枝先让树完全生长，再自底向上剪枝。两者都是防止过拟合的重要手段。,"剪枝,预剪枝,后剪枝",模块2
q094,fill,模块2-决策树与规则分类器,C4.5四大改进,3,C4.5相对于ID3的四大改进包括：信息增益率、连续属性处理、____、剪枝处理。,,,,,缺失值处理,1.0,五个字，处理数据不完整的情况,C4.5四大改进：①信息增益率替代信息增益；②连续属性处理（二分法）；③缺失值处理（F因子+权重分配）；④剪枝处理（后剪枝）。,"C4.5,四大改进,缺失值处理",模块2
q095,fill,模块2-决策树与规则分类器,规则分类器性质,2,基于规则的分类器有两个核心性质：____要求每条记录至少匹配一条规则，____要求每条记录最多匹配一条规则。,,,,,穷尽性||互斥性,2.0,第一个三个字，第二个三个字,穷尽性（Exhaustive）保证无遗漏，互斥性（Mutually Exclusive）保证无冲突。同时满足两者时，每条记录恰好被一条规则覆盖。,"穷尽性,互斥性,规则分类器",模块2
q096,fill,模块2-决策树与规则分类器,叶节点含义,1,在决策树中，代表最终分类标签的是____节点。,,,,,叶,1.0,一个字，树的末端节点,决策树中，叶节点（Leaf Node）代表分类标签，非叶节点（内部节点）代表属性测试条件。每条从根到叶的路径对应一条分类规则。,"决策树,叶节点,分类标签",模块2
q097,fill,模块2-决策树与规则分类器,基尼系数与纯度,1,基尼系数的数值越____，表示数据集的纯度越高。,,,,,小,1.0,一个字，大或小,基尼系数越小，纯度越高。Gini=0表示所有样本属于同一类（最纯），Gini越接近0.5表示越混杂。,"基尼系数,纯度,大小关系",模块2
q098,fill,模块2-决策树与规则分类器,C4.5连续值分裂点,3,C4.5处理连续属性时，先对属性值排序，然后取相邻值的____作为候选分裂点。,,,,,中点,1.0,两个字，即两个相邻值的平均值,C4.5对连续值排序后，取相邻值的中点（或较小值）作为候选分裂点，然后二分评估，选择信息增益率最大的分裂点。,"C4.5,连续值,中点,分裂点",模块2
q099,fill,模块2-决策树与规则分类器,无序规则集冲突,2,无优先级规则集（无序规则集）中，当多条规则同时匹配一条记录时，采用____方式决定最终分类。,,,,,投票,1.0,两个字，少数服从多数,无序规则集没有优先级，当多条规则同时匹配时，采用投票（多数表决）或加权投票方式决定最终分类。,"无序规则集,投票,冲突解决",模块2
q100,fill,模块2-决策树与规则分类器,信息增益选择,1,ID3算法在每一步选择____最大的属性作为当前节点的测试属性。,,,,,信息增益,1.0,四个字，Information Gain,信息增益衡量使用某属性划分后纯度的提升程度，ID3选择信息增益最大的属性，即划分后纯度提升最多的属性。,"信息增益,属性选择,ID3",模块2
q101,choice,聚类分析,K-means聚类,1,K-means算法属于以下哪种聚类方法？,划分方法,层次方法,密度方法,模型方法,A,0.0,,K-means通过迭代划分数据到K个簇，属于划分方法。,"K-means,划分方法,聚类",教材
q102,choice,聚类分析,K-means聚类,1,K-means算法中，SSE（误差平方和）的计算公式$SSE=\sum\sum(p-C_i)^2$，以下说法正确的是？,SSE越大，聚类越紧凑,SSE越小，聚类越紧凑,SSE与聚类效果无关,SSE=0时聚类效果最差,B,0.0,,SSE衡量簇内点与质心的距离平方和，越小表示簇内越紧凑。,"SSE,误差平方和,聚类评估",教材
q103,choice,聚类分析,K-means聚类,3,在K-means中使用肘部法则确定K值时，最优K通常选在？,SSE最大的点,SSE最小的点,SSE-K曲线下降趋势的拐点,SSE=0对应的K值,C,0.0,,肘部法则观察SSE随K变化的曲线，拐点（肘部）对应的K为最佳选择。,"肘部法则,K值选择,SSE",教材
q104,choice,聚类分析,K-means聚类,3,K-means算法对以下哪项不敏感？,初始质心选择,离群点,K值大小,以上都敏感,D,0.0,,K-means对初始质心、离群点和K值都很敏感，容易陷入局部最优。,"K-means,初始质心,离群点,局部最优",教材
q105,choice,聚类分析,K-means++,3,K-means++改进K-means的核心思想是？,使初始质心尽可能集中,使初始质心尽可能分散,自动确定K值,使用中位数代替均值,B,0.0,,K-means++在选择初始质心时，让各质心尽可能远离，避免陷入较差局部最优。,"K-means++,初始质心,分散",教材
q106,choice,聚类分析,二分K-means,3,关于二分K-means，以下说法正确的是？,比K-means对初始值更敏感,完全不受初始值影响,不太受初始值影响,必须预设K=2,C,0.0,,二分K-means从一个大簇开始逐步二分，对初始质心选取不太敏感。,"二分K-means,初始值,聚类",教材
q107,choice,聚类分析,层次聚类,1,AGNES算法属于哪种层次聚类？,自底向上的凝聚式,自顶向下的分裂式,基于密度的聚类,基于网格的聚类,A,0.0,,AGNES（AGglomerative NESting）是自底向上凝聚式层次聚类。,"AGNES,凝聚式,自底向上,层次聚类",教材
q108,choice,聚类分析,层次聚类,3,DIANA算法和AGNES算法的关系是？,两者都是凝聚式聚类,两者都是分裂式聚类,DIANA是自顶向下，AGNES是自底向上,DIANA是自底向上，AGNES是自顶向下,C,0.0,,DIANA（DIvisive ANAlysis）自顶向下分裂，AGNES自底向上凝聚。,"DIANA,分裂式,自顶向下,层次聚类",教材
q109,choice,聚类分析,层次聚类,3,在层次聚类中，最短距离法（单链法）使用的距离定义为？,两个簇中最近点对的距离,两个簇中最远点对的距离,两个簇中所有点对距离的平均值,两个簇质心之间的距离,A,0.0,,最短距离法/单链法取两个簇中最近点对的距离作为簇间距离。,"最短距离,单链,最近点对,层次聚类",教材
q110,choice,聚类分析,层次聚类,3,最长距离法（全链法）产生的簇通常具有什么特征？,链状簇,任意形状簇,紧凑的球形簇,松散的不规则簇,C,0.0,,最长距离法偏好紧凑的球形簇，因为要求簇内所有点对都相对接近。,"最长距离,全链,球形簇,层次聚类",教材
q111,choice,聚类分析,层次聚类,3,组平均法在层次聚类中使用的簇间距离定义为？,最近点对距离,最远点对距离,所有点对距离的平均值,质心距离,C,0.0,,组平均法计算两个簇中所有点对距离的平均值作为簇间距离。,"组平均法,平均距离,层次聚类",教材
q112,choice,聚类分析,层次聚类,3,层次聚类中，最短距离法（单链）的主要缺点是？,计算复杂度太低,对噪声和离群点很敏感,只能处理球形簇,必须预设簇数,B,0.0,,最短距离法由于只考虑最近点对，噪声和离群点会严重影响聚类结果。,"最短距离,单链,噪声,离群点",教材
q113,choice,聚类分析,层次聚类,3,最长距离法（全链）对噪声和离群点的表现是？,非常敏感,不太敏感,完全免疫,与最短距离法相同,B,0.0,,最长距离法考虑最远点对，单个离群点不会显著改变簇间距离，因此不太敏感。,"最长距离,全链,噪声,鲁棒性",教材
q114,choice,聚类分析,DBSCAN,1,DBSCAN算法属于以下哪种聚类方法？,划分方法,层次方法,基于密度的方法,基于模型的方法,C,0.0,,DBSCAN（Density-Based Spatial Clustering of Applications with Noise）是基于密度的聚类方法。,"DBSCAN,密度聚类",教材
q115,choice,聚类分析,DBSCAN,3,DBSCAN算法需要预设以下哪项参数？,簇数K,ε-邻域和MinPts,学习率,迭代次数,B,0.0,,DBSCAN无需预设簇数K，但需要指定ε-邻域半径和最小点数MinPts。,"DBSCAN,ε-邻域,MinPts,参数",教材
q116,choice,聚类分析,DBSCAN,3,在DBSCAN中，如果一个点在ε-邻域内的点数≥MinPts，则该点称为？,边界点,噪声点,核心点,孤立点,C,0.0,,核心点定义：其ε-邻域内包含的点数不少于MinPts。,"DBSCAN,核心点,ε-邻域,MinPts",教材
q117,choice,聚类分析,DBSCAN,3,以下哪项不是DBSCAN算法的优点？,能发现任意形状的簇,不需要预设簇数,对密度不均匀数据效果很好,能识别噪声点,C,0.0,,DBSCAN在密度不均匀的数据上效果不佳，这是其主要缺点之一。,"DBSCAN,密度不均匀,缺点",教材
q118,choice,聚类分析,聚类评估,3,在聚类评估指标中，以下哪个属于内部指标？,纯度（Purity）,熵（Entropy）,SSE（误差平方和）,F值,C,0.0,,SSE基于数据本身计算，不需要外部标签，是内部指标；纯度和熵需要外部标签，是外部指标。,"SSE,内部指标,聚类评估",教材
q119,choice,聚类分析,聚类评估,3,关于聚类评估中的纯度（Purity）和熵（Entropy），以下说法正确的是？,纯度越小越好，熵越大越好,纯度越大越好，熵越小越好,两者都越大越好,两者都越小越好,B,0.0,,纯度越高表示每个簇中同一类样本占比越高，熵越小表示簇内类别越纯，两者都反映聚类质量好。,"纯度,熵,外部指标,聚类评估",教材
q120,choice,聚类分析,K-means聚类,3,K-means算法只能发现什么形状的簇？,任意形状的簇,链状簇,球状簇（凸簇）,环状簇,C,0.0,,K-means基于欧氏距离和均值，只能发现球状（凸）簇，无法处理非凸形状。,"K-means,球状簇,凸簇,局限性",教材
q121,choice,聚类分析,K-means聚类,3,K-means算法能发现任意形状的簇。,对,错,,,B,0.0,,K-means只能发现球状（凸）簇，无法处理非凸形状的簇。,"K-means,球状簇,局限性",教材
q122,choice,聚类分析,层次聚类,5,凝聚式层次聚类的时间复杂度为$O(n^3)$。,对,错,,,A,0.0,,凝聚式层次聚类的朴素实现时间复杂度为O(n³)，可通过优化降至O(n²log n)或O(n²)。,"层次聚类,时间复杂度,O(n³)",教材
q123,choice,聚类分析,DBSCAN,3,DBSCAN不能很好地处理密度不均匀的数据。,对,错,,,A,0.0,,DBSCAN使用全局统一的ε和MinPts参数，当数据密度不均匀时难以找到合适的参数。,"DBSCAN,密度不均匀,局限性",教材
q124,choice,聚类分析,K-means聚类,1,K-means算法不需要预设K值。,对,错,,,B,0.0,,K-means是划分方法，必须在运行前预设K值（簇数）。,"K-means,K值,预设",教材
q125,choice,聚类分析,K-means聚类,1,SSE（误差平方和）越大，聚类越紧凑。,对,错,,,B,0.0,,SSE是簇内误差平方和，越小表示数据点越靠近质心，聚类越紧凑。,"SSE,误差平方和,聚类评估",教材
q126,choice,聚类分析,K-means聚类,3,肘部法则选择SSE下降最快的点作为最优K值。,对,错,,,B,0.0,,肘部法则选择SSE-K曲线下降趋势的拐点（肘部），而非下降最快的点。,"肘部法则,拐点,K值",教材
q127,choice,聚类分析,K-means++,3,K-means++使初始质心尽可能接近。,对,错,,,B,0.0,,K-means++使初始质心尽可能分散（远离），以改善K-means的初始化问题。,"K-means++,初始质心,分散",教材
q128,choice,聚类分析,层次聚类,1,凝聚式层次聚类初始时，每个点自成一簇。,对,错,,,A,0.0,,凝聚式聚类自底向上，初始时每个数据点都是一个独立的簇。,"凝聚式,层次聚类,初始状态",教材
q129,choice,聚类分析,层次聚类,3,最短距离法（单链法）擅长处理非椭圆形簇。,对,错,,,A,0.0,,最短距离法只考虑最近点对，容易产生链状效应，能处理非椭圆形的复杂形状簇。,"最短距离,单链,非椭圆形簇",教材
q130,choice,聚类分析,层次聚类,3,最长距离法（全链法）对噪声和离群点不太敏感。,对,错,,,A,0.0,,最长距离法考虑最远点对，单个离群点不会显著改变簇间距离，因此对噪声不太敏感。,"最长距离,全链,噪声,鲁棒性",教材
q131,choice,聚类分析,DBSCAN,1,DBSCAN算法需要预设簇数。,对,错,,,B,0.0,,DBSCAN是密度聚类，不需要预设簇数K，由数据密度自动确定簇的数量。,"DBSCAN,簇数,预设",教材
q132,choice,聚类分析,DBSCAN,3,在DBSCAN中，核心点的ε-邻域内点数不少于MinPts。,对,错,,,A,0.0,,核心点的定义：在ε-邻域内包含的样本点数≥MinPts。,"DBSCAN,核心点,ε-邻域,MinPts",教材
q133,choice,聚类分析,聚类评估,3,纯度（Purity）是聚类评估的外部指标。,对,错,,,A,0.0,,纯度需要借助外部类别标签来计算，属于外部指标。,"纯度,外部指标,聚类评估",教材
q134,choice,聚类分析,聚类评估,3,SSE是聚类评估的外部指标。,对,错,,,B,0.0,,SSE（误差平方和）只使用数据本身的特征值，不需要外部标签，属于内部指标。,"SSE,内部指标,聚类评估",教材
q135,choice,聚类分析,聚类评估,3,熵越小，表示聚类结果越纯。,对,错,,,A,0.0,,熵度量簇内类别的混乱程度，熵越小表示簇内样本越纯（同一类占比高）。,"熵,纯度,聚类评估",教材
q136,choice,聚类分析,K-means聚类,3,K-means算法对离群点不敏感。,对,错,,,B,0.0,,K-means对离群点非常敏感，离群点会显著影响质心的位置。,"K-means,离群点,敏感性",教材
q137,choice,聚类分析,二分K-means,3,二分K-means不太受初始值影响。,对,错,,,A,0.0,,二分K-means从一个大簇逐步二分，每次二分都做多次K-means，受初始值影响较小。,"二分K-means,初始值,鲁棒性",教材
q138,choice,聚类分析,聚类评估,3,聚类评估的三大任务之一是估计聚类趋势。,对,错,,,A,0.0,,聚类评估三大任务：估计聚类趋势、确定簇数、测量聚类质量。,"聚类评估,聚类趋势,三大任务",教材
q139,choice,聚类分析,层次聚类,3,层次聚类不需要预设簇数。,对,错,,,A,0.0,,层次聚类生成完整的聚类树，可通过指定终止条件（如距离阈值）或截取树来获得任意簇数，不需要预设K。,"层次聚类,簇数,终止条件",教材
q140,choice,聚类分析,聚类算法分类,3,K-means和DBSCAN都属于划分方法。,对,错,,,B,0.0,,K-means是划分方法，DBSCAN是基于密度的方法。,"K-means,DBSCAN,划分方法,密度方法",教材
q141,fill,聚类分析,K-means聚类,1,K-means是一种基于____的聚类方法。,,,,,划分,1.0,K-means属于划分方法,K-means通过划分数据到K个簇来聚类。,"K-means,划分方法",教材
q142,fill,聚类分析,K-means聚类,1,K-means的评价指标SSE的全称是____。,,,,,误差平方和,1.0,SSE=Sum of Squared Errors,SSE是误差平方和（Sum of Squared Errors），衡量聚类紧凑度。,"SSE,误差平方和",教材
q143,fill,聚类分析,K-means聚类,1,确定K-means中K值的常用方法是____。,,,,,肘部法则,1.0,观察SSE-K曲线的拐点,肘部法则通过观察SSE随K值变化的曲线拐点来确定最佳K值。,"肘部法则,K值",教材
q144,fill,聚类分析,层次聚类,3,层次聚类包括____（自底向上）和____（自顶向下）两种策略。,,,,,AGNES||DIANA,2.0,两个英文缩写，用||分隔,AGNES是凝聚式自底向上，DIANA是分裂式自顶向下。,"AGNES,DIANA,层次聚类",教材
q145,fill,聚类分析,DBSCAN,1,DBSCAN的两个核心参数是____和____。,,,,,ε-邻域||MinPts,2.0,两个参数，用||分隔,DBSCAN需要指定邻域半径ε和最小点数MinPts。,"DBSCAN,ε-邻域,MinPts,参数",教材
q146,fill,聚类分析,DBSCAN,3,DBSCAN将数据点分为三类：核心点、____、噪声点。,,,,,边界点,1.0,三种点类型之一,DBSCAN根据ε-邻域内点数来分类：核心点(≥MinPts)、边界点(＜MinPts但在核心点邻域)、噪声点。,"DBSCAN,边界点,核心点,噪声点",教材
q147,fill,聚类分析,聚类评估,3,聚类评估指标中，SSE属于____指标。,,,,,内部,1.0,内部/外部？,SSE不需要外部标签，只使用数据本身，属于内部指标。,"SSE,内部指标,聚类评估",教材
q148,fill,聚类分析,聚类评估,3,纯度（Purity）属于聚类评估的____指标。,,,,,外部,1.0,内部/外部？,纯度需要借助外部类别标签计算，属于外部指标。,"纯度,外部指标,聚类评估",教材
q149,fill,聚类分析,层次聚类,1,最短距离法又称____法。,,,,,单链,1.0,最短距离法的别称,最短距离法取最近点对距离，又称单链法（Single Linkage）。,"最短距离,单链,层次聚类",教材
q150,fill,聚类分析,层次聚类,1,最长距离法又称____法。,,,,,全链,1.0,最长距离法的别称,最长距离法取最远点对距离，又称全链法（Complete Linkage）。,"最长距离,全链,层次聚类",教材
q151,choice,朴素贝叶斯与单层感知器,朴素贝叶斯,1,朴素贝叶斯分类器基于什么定理？,大数定理,贝叶斯定理,中心极限定理,拉格朗日定理,B,0.0,,朴素贝叶斯基于贝叶斯定理，结合属性条件独立假设进行分类。,"朴素贝叶斯,贝叶斯定理",教材
q152,choice,朴素贝叶斯与单层感知器,朴素贝叶斯,1,朴素贝叶斯的核心假设是？,属性之间完全相关,属性之间条件独立,属性服从正态分布,属性之间线性相关,B,0.0,,朴素贝叶斯的“朴素”（Naive）特性即假设属性在给定类别的条件下相互独立。,"朴素贝叶斯,条件独立,朴素假设",教材
q153,choice,朴素贝叶斯与单层感知器,朴素贝叶斯,3,贝叶斯公式$P(h|D)=\frac{P(D|h)P(h)}{P(D)}$中，$P(h|D)$表示？,先验概率,似然概率,后验概率,证据概率,C,0.0,,P(h|D)是在给定数据D后假设h的概率，即后验概率。,"贝叶斯公式,后验概率",教材
q154,choice,朴素贝叶斯与单层感知器,朴素贝叶斯,3,朴素贝叶斯分类时，选择哪个类别作为预测结果？,先验概率最大的类别,似然最大的类别,后验概率最大的类别,支持向量最多的类别,C,0.0,,贝叶斯分类器选择后验概率P(h|D)最大的类别作为预测结果。,"朴素贝叶斯,后验概率,分类决策",教材
q155,choice,朴素贝叶斯与单层感知器,朴素贝叶斯,3,拉普拉斯平滑（Laplace Smoothing）的公式为$P=\frac{c+1}{h+v}$，其中v表示？,样本总数,属性值总数,类别总数,测试样本数,B,0.0,,v是该属性可能的取值个数（属性值总数），h是训练样本数，c是某属性值出现次数。,"拉普拉斯平滑,属性值总数,零概率",教材
q156,choice,朴素贝叶斯与单层感知器,朴素贝叶斯,3,朴素贝叶斯处理连续属性时，通常假设服从什么分布？,均匀分布,伯努利分布,正态分布（高斯分布）,泊松分布,C,0.0,,对于连续属性，朴素贝叶斯通常假设该属性在各类别下服从正态分布，需估计均值μ和方差σ²。,"连续属性,正态分布,高斯分布",教材
q157,choice,朴素贝叶斯与单层感知器,单层感知器,1,单层感知器属于以下哪种模型？,非线性可分模型,线性可分模型,无监督学习模型,生成模型,B,0.0,,单层感知器只能处理线性可分问题，决策边界是一条直线/超平面。,"单层感知器,线性可分",教材
q158,choice,朴素贝叶斯与单层感知器,单层感知器,3,单层感知器无法解决以下哪个问题？,与（AND）逻辑,或（OR）逻辑,异或（XOR）逻辑,非（NOT）逻辑,C,0.0,,XOR（异或）问题线性不可分，单层感知器无法解决，需要多层感知器。,"单层感知器,XOR,异或,线性不可分",教材
q159,choice,朴素贝叶斯与单层感知器,单层感知器,3,单层感知器的核心公式为$y=sgn(W^T X)$，其中$W$是什么？,训练样本矩阵,决策超平面的法向量,输入特征向量,激活函数,B,0.0,,权值向量W是决策超平面（WTX=0）的法向量，决定了分类边界的方向。,"单层感知器,权值向量,法向量,决策超平面",教材
q160,choice,朴素贝叶斯与单层感知器,单层感知器,3,感知器学习规则$W(n+1)=W(n)+\eta \cdot [d(n)-y(n)] \cdot X(n)$中，$d(n)-y(n)$的作用是？,正则化项,误差信号，指导修正方向,动量项,学习率衰减,B,0.0,,d(n)是期望输出，y(n)是实际输出，两者之差为误差信号，指导权值修正的方向和幅度。,"感知器学习规则,误差信号,权值更新",教材
q161,choice,朴素贝叶斯与单层感知器,单层感知器,3,"漏报情况（d=1, y=-1）下，感知器权值修正为？",$W_{new}=W_{old}+X$,$W_{new}=W_{old}-X$,$W_{new}=W_{old}$,$W_{new}=X$,A,0.0,,漏报时误差d-y=1-(-1)=2，需要增强输入X的响应，即W_new=W_old+X。,"漏报,权值修正,感知器",教材
q162,choice,朴素贝叶斯与单层感知器,单层感知器,3,"误报情况（d=-1, y=1）下，感知器权值修正为？",$W_{new}=W_{old}+X$,$W_{new}=W_{old}-X$,$W_{new}=W_{old}$,$W_{new}=-X$,B,0.0,,误报时误差d-y=-1-1=-2，需要抑制输入X的响应，即W_new=W_old-X。,"误报,权值修正,感知器",教材
q163,choice,朴素贝叶斯与单层感知器,梯度下降,3,梯度下降的更新公式为$w_{new}=w_{old}-\eta \cdot \frac{\partial L}{\partial w}$，这里的负号表示？,沿梯度方向更新,沿负梯度方向（最陡下降方向）更新,沿随机方向更新,沿水平方向更新,B,0.0,,梯度指向函数增长最快的方向，负梯度方向是函数下降最快的方向，所以取负号。,"梯度下降,负梯度,最陡下降",教材
q164,choice,朴素贝叶斯与单层感知器,梯度下降,3,关于学习率$\eta$，以下说法正确的是？,越大越好，收敛更快,越小越好，更精确,太大可能震荡不收敛，太小收敛过慢,学习率对结果无影响,C,0.0,,学习率过大可能导致在最优解附近震荡甚至发散，过小则收敛速度太慢。,"学习率,震荡,收敛速度",教材
q165,choice,朴素贝叶斯与单层感知器,单层感知器,3,与感知器学习规则（有监督）不同，Hebb学习规则的特点是？,需要教师信号,无监督的，权值可能无限增长,使用梯度下降,需要反向传播,B,0.0,,Hebb规则是无监督的，基于“同时激活则加强连接”原则，权值可能无限增长。,"Hebb学习规则,无监督,权值增长",教材
q166,choice,朴素贝叶斯与单层感知器,梯度下降,3,梯度下降在局部极小值和鞍点处，梯度值为？,正数,负数,0,无穷大,C,0.0,,局部极小值和鞍点都是驻点，梯度（一阶导数）为0，梯度下降会停滞。,"梯度下降,局部极小值,鞍点,梯度为零",教材
q167,choice,朴素贝叶斯与单层感知器,朴素贝叶斯,3,朴素贝叶斯属性独立假设在实际应用中？,总是成立,一定不成立,不一定成立，但分类效果往往还不错,对分类结果无影响,C,0.0,,属性独立假设在实际中往往不成立，但朴素贝叶斯在许多场景下仍表现良好，具有鲁棒性。,"朴素贝叶斯,属性独立,鲁棒性",教材
q168,choice,朴素贝叶斯与单层感知器,朴素贝叶斯,3,朴素贝叶斯的主要优点不包括？,数学基础坚实,分类效率稳定,对属性相关数据准确率不下降,对小规模数据表现好,C,0.0,,当属性相关性较强时，朴素贝叶斯的独立假设被严重违反，准确率会下降。,"朴素贝叶斯,属性相关,准确率,缺点",教材
q169,choice,朴素贝叶斯与单层感知器,朴素贝叶斯,1,朴素贝叶斯最经典的应用场景是？,图像分割,文本分类,语音识别,时间序列预测,B,0.0,,文本分类（如垃圾邮件过滤）是朴素贝叶斯最经典的应用场景，词袋模型与条件独立假设契合。,"朴素贝叶斯,文本分类,应用",教材
q170,choice,朴素贝叶斯与单层感知器,朴素贝叶斯,3,贝叶斯公式中，分母$P(D)$（证据概率）的作用是？,对每个类别取不同的值,作为归一化因子，对所有类别都相同,决定分类结果,可以忽略不计,B,0.0,,P(D)对所有类别都是相同的，在比较后验概率时可以省略，只比较分子P(D|h)P(h)。,"贝叶斯公式,证据概率,归一化",教材
q171,choice,朴素贝叶斯与单层感知器,朴素贝叶斯,3,朴素贝叶斯要求属性独立，因此无法处理文本分类。,对,错,,,B,0.0,,文本分类（如垃圾邮件过滤）恰恰是朴素贝叶斯最经典的应用，词袋模型与条件独立假设非常契合。,"朴素贝叶斯,文本分类,属性独立",教材
q172,choice,朴素贝叶斯与单层感知器,梯度下降,3,梯度下降在鞍点处梯度不为0。,对,错,,,B,0.0,,鞍点也是驻点，其一阶梯度为0，梯度下降会在鞍点处停滞。,"梯度下降,鞍点,梯度为零",教材
q173,choice,朴素贝叶斯与单层感知器,单层感知器,3,单层感知器的Hebb学习规则是无监督的。,对,错,,,A,0.0,,Hebb规则基于“同时激活则加强”的思想，不依赖教师信号，属于无监督学习。,"Hebb规则,无监督,感知器",教材
q174,choice,朴素贝叶斯与单层感知器,单层感知器,3,单层感知器能解决XOR（异或）问题。,对,错,,,B,0.0,,XOR是线性不可分问题，单层感知器只能处理线性可分问题，无法解决XOR。,"单层感知器,XOR,线性不可分",教材
q175,choice,朴素贝叶斯与单层感知器,朴素贝叶斯,3,拉普拉斯平滑（Laplace Smoothing）用于解决零概率问题。,对,错,,,A,0.0,,当某个属性值在训练集中未出现时概率为0，拉普拉斯平滑通过加1来避免零概率。,"拉普拉斯平滑,零概率",教材
q176,choice,朴素贝叶斯与单层感知器,朴素贝叶斯,3,贝叶斯公式中分母P(D)对所有类别都相同。,对,错,,,A,0.0,,P(D)是证据概率，与类别无关，在比较不同类别的后验概率时是相同的归一化因子。,"贝叶斯公式,证据概率,归一化",教材
q177,choice,朴素贝叶斯与单层感知器,朴素贝叶斯,1,朴素贝叶斯分类时，选择后验概率最小的类别。,对,错,,,B,0.0,,贝叶斯分类器选择后验概率最大的类别，即最大后验概率（MAP）准则。,"朴素贝叶斯,后验概率,最大后验",教材
q178,choice,朴素贝叶斯与单层感知器,梯度下降,1,学习率越大，收敛越快，所以学习率越大越好。,对,错,,,B,0.0,,学习率过大可能导致在最优解附近震荡甚至发散，无法收敛。,"学习率,震荡,收敛",教材
q179,choice,朴素贝叶斯与单层感知器,单层感知器,3,感知器的权值向量是决策超平面的方向向量。,对,错,,,B,0.0,,权值向量W是决策超平面WTX=0的法向量，而非方向向量。,"感知器,权值向量,法向量,超平面",教材
q180,choice,朴素贝叶斯与单层感知器,梯度下降,1,梯度下降沿梯度方向更新参数。,对,错,,,B,0.0,,梯度下降沿负梯度方向更新参数，这是函数值下降最快的方向。,"梯度下降,负梯度方向",教材
q181,choice,朴素贝叶斯与单层感知器,朴素贝叶斯,3,连续属性在朴素贝叶斯中假设服从均匀分布。,对,错,,,B,0.0,,连续属性通常假设服从正态分布（高斯分布），需要估计均值μ和方差σ²。,"连续属性,正态分布,朴素贝叶斯",教材
q182,choice,朴素贝叶斯与单层感知器,朴素贝叶斯,3,朴素贝叶斯的后验概率=P(条件)×P(先验)/P(证据)。,对,错,,,A,0.0,,这正是贝叶斯公式P(h|D)=P(D|h)P(h)/P(D)的表述，后验=似然×先验/证据。,"贝叶斯公式,后验概率,先验,似然",教材
q183,choice,朴素贝叶斯与单层感知器,朴素贝叶斯,3,拉普拉斯平滑公式中v是样本总数。,对,错,,,B,0.0,,v是属性值总数（该属性可能的取值个数），h是样本总数。,"拉普拉斯平滑,属性值总数",教材
q184,choice,朴素贝叶斯与单层感知器,单层感知器,3,单层感知器只能做二分类。,对,错,,,A,0.0,,单层感知器输出sgn(WTX)只有+1和-1两种结果，只能做二分类任务。,"单层感知器,二分类,局限性",教材
q185,choice,朴素贝叶斯与单层感知器,单层感知器,3,"误报时（d=-1, y=1），权值修正为W_new=W_old+X。",对,错,,,B,0.0,,误报时d-y=-1-1=-2，修正方向为W_new=W_old-X，即减小输入响应。,"误报,权值修正,感知器",教材
q186,choice,朴素贝叶斯与单层感知器,单层感知器,3,"漏报时（d=1, y=-1），权值修正为W_new=W_old-X。",对,错,,,B,0.0,,漏报时d-y=1-(-1)=2，修正方向为W_new=W_old+X，即增强输入响应。,"漏报,权值修正,感知器",教材
q187,choice,朴素贝叶斯与单层感知器,朴素贝叶斯,3,连续属性在朴素贝叶斯中假设服从正态分布，需要估计均值μ和方差σ²。,对,错,,,A,0.0,,高斯朴素贝叶斯假设连续属性服从正态分布，需要从训练数据中估计μ和σ²。,"正态分布,均值,方差,朴素贝叶斯",教材
q188,choice,朴素贝叶斯与单层感知器,朴素贝叶斯,1,朴素贝叶斯的朴素假定是指属性间不存在任何依赖关系。,对,错,,,A,0.0,,朴素假定（条件独立假设）指在给定类别的条件下，各属性之间相互独立。,"朴素贝叶斯,条件独立,朴素假定",教材
q189,choice,朴素贝叶斯与单层感知器,单层感知器,1,感知器学习规则是监督学习。,对,错,,,A,0.0,,感知器学习规则中有教师信号d(n)（期望输出），通过误差d(n)-y(n)指导修正，属于监督学习。,"感知器,监督学习,教师信号",教材
q190,choice,朴素贝叶斯与单层感知器,朴素贝叶斯,3,贝叶斯分类器是判别模型。,对,错,,,B,0.0,,"贝叶斯分类器学习联合概率分布P(X,Y)，属于生成模型；判别模型直接学习P(Y|X)。","贝叶斯分类器,生成模型,判别模型",教材
q191,fill,朴素贝叶斯与单层感知器,朴素贝叶斯,1,朴素贝叶斯基于____定理。,,,,,贝叶斯,1.0,概率论中的重要定理,朴素贝叶斯分类器基于贝叶斯定理，故得名。,"朴素贝叶斯,贝叶斯定理",教材
q192,fill,朴素贝叶斯与单层感知器,朴素贝叶斯,1,朴素贝叶斯的核心假设是____。,,,,,类条件独立,1.0,即属性在给定类别的条件下相互独立,朴素贝叶斯假设在给定类别的条件下，各属性之间相互独立。,"类条件独立,朴素假设",教材
q193,fill,朴素贝叶斯与单层感知器,朴素贝叶斯,3,拉普拉斯平滑公式$P=$____。,,,,,(c+1)/(h+v),1.0,输入数学表达式，分子+1分母+v,拉普拉斯平滑将计数加1，分母加属性值总数v，避免零概率。,"拉普拉斯平滑,零概率",教材
q194,fill,朴素贝叶斯与单层感知器,单层感知器,1,单层感知器核心公式$y=$____。,,,,,sgn(W^TX),1.0,使用符号函数,感知器计算加权和W^TX后通过符号函数sgn输出±1。,"单层感知器,符号函数",教材
q195,fill,朴素贝叶斯与单层感知器,单层感知器,3,单层感知器无法解决____问题。,,,,,XOR或异或,1.0,一种逻辑运算,XOR（异或）是经典的线性不可分问题，单层感知器无法解决。,"XOR,异或,线性不可分",教材
q196,fill,朴素贝叶斯与单层感知器,梯度下降,3,梯度下降更新公式$w_{new}=$____。,,,,,w_old-η·(∂L/∂w),1.0,含学习率和偏导数,梯度下降沿负梯度方向更新参数，以最小化损失函数。,"梯度下降,学习率,偏导数",教材
q197,fill,朴素贝叶斯与单层感知器,单层感知器,3,"漏报（d=1, y=-1）时，权值修正方向$W_{new}=$____。",,,,,W_old+X,1.0,加X还是减X？,漏报时误差为正，需要增强输入响应，W加X。,"漏报,权值修正",教材
q198,fill,朴素贝叶斯与单层感知器,梯度下降,3,学习率η太大容易导致____。,,,,,震荡或不收敛,1.0,描述收敛问题,学习率过大时，参数更新幅度过大，可能在最优解附近来回震荡，无法收敛。,"学习率,震荡,不收敛",教材
q199,fill,朴素贝叶斯与单层感知器,朴素贝叶斯,3,连续属性在朴素贝叶斯中假设服从____。,,,,,正态分布,1.0,常见的概率分布,高斯朴素贝叶斯假设连续属性服从正态（高斯）分布。,"连续属性,正态分布,高斯分布",教材
q200,fill,朴素贝叶斯与单层感知器,朴素贝叶斯,1,贝叶斯公式中$P(h)$称为____概率。,,,,,先验,1.0,在观测数据之前的概率,P(h)是假设h的先验概率，表示在观测任何数据之前的初始信念。,"先验概率,贝叶斯公式",教材
q201,choice,卷积神经网络CNN,CNN核心特性,1,卷积神经网络（CNN）的三大核心特性不包括？,局部连接,权值共享,全连接,平移不变性,C,0.0,,CNN三大核心特性是局部连接、权值共享和平移不变性，全连接是传统神经网络的特征。,"CNN,局部连接,权值共享,平移不变性",教材
q202,choice,卷积神经网络CNN,卷积层,1,CNN中卷积层的主要作用是？,降低特征维度,提取局部特征,做最终分类,防止过拟合,B,0.0,,卷积层通过卷积核在输入上滑动，提取局部特征，是CNN的核心组件。,"卷积层,局部特征,特征提取",教材
q203,choice,卷积神经网络CNN,卷积核,3,在CNN中，一个卷积核提取的特征数量是？,多种特征,一种特征,无法确定,与输入尺寸有关,B,0.0,,一个卷积核提取一种特定的特征（如边缘），多个卷积核提取多种特征。,"卷积核,特征提取",教材
q204,choice,卷积神经网络CNN,池化层,1,池化层（Pooling）的主要作用是？,增加特征图数量,下采样降维，增大感受野,提取更复杂的特征,替代激活函数,B,0.0,,池化层通过下采样降低特征图的空间尺寸，同时增大后续层的感受野。,"池化层,下采样,降维,感受野",教材
q205,choice,卷积神经网络CNN,池化层,3,最大池化（Max Pooling）和平均池化（Average Pooling）的区别是？,最大池化保留全局背景，平均池化保留最强烈特征,最大池化保留最强烈特征，平均池化保留全局背景,两者没有区别,平均池化不改变特征图尺寸,B,0.0,,最大池化取局部最大值，保留最强烈特征响应；平均池化取局部均值，保留全局平滑信息。,"最大池化,平均池化,特征保留",教材
q206,choice,卷积神经网络CNN,卷积输出尺寸,3,卷积输出尺寸公式$W_2=(W_1+2P-f)/S+1$中，$f$代表什么？,输入尺寸,输出尺寸,卷积核尺寸,池化窗口尺寸,C,0.0,,f是卷积核（filter）的尺寸，如3×3卷积核中f=3。,"卷积输出尺寸,卷积核尺寸,公式",教材
q207,choice,卷积神经网络CNN,填充方式,3,卷积中Same填充（Same Padding）的效果是？,输出尺寸缩小一半,输出尺寸基本不变,输出尺寸翻倍,没有填充,B,0.0,,Same填充通过添加足够的零填充，使输出尺寸与输入尺寸基本保持一致。,"Same填充,输出尺寸,零填充",教材
q208,choice,卷积神经网络CNN,填充方式,3,卷积中Valid填充（Valid Padding）的效果是？,输出尺寸不变,输出尺寸增大,不添加任何填充，输出尺寸缩小,输出尺寸随机变化,C,0.0,,Valid填充表示不添加任何填充（P=0），输出尺寸会自然缩小。,"Valid填充,无填充,输出尺寸缩小",教材
q209,choice,卷积神经网络CNN,全连接层,3,CNN中全连接层的作用是？,提取局部特征,展平二维特征图并整合全局特征用于分类,降低参数数量,替代池化层,B,0.0,,全连接层将卷积池化后的二维特征图展平为一维向量，整合全局特征后送入分类器。,"全连接层,展平,全局特征,分类",教材
q210,choice,卷积神经网络CNN,CNN参数,3,全连接网络的参数量与CNN相比？,CNN参数量更大,两者参数量相同,CNN参数量远小于全连接网络,取决于具体任务,C,0.0,,CNN通过权值共享大幅减少参数数量，全连接网络每个连接都有独立参数。,"CNN,权值共享,参数量,全连接",教材
q211,choice,卷积神经网络CNN,LeNet-5,3,以下哪个是首个实用化的卷积神经网络？,AlexNet,VGGNet,LeNet-5,ResNet,C,0.0,,LeNet-5由Yann LeCun于1998年提出，是首个实用化的CNN，用于手写数字识别。,"LeNet-5,首个实用化CNN",教材
q212,choice,卷积神经网络CNN,卷积核参数,3,单个卷积核的参数量为$f \times h \times C_{in} + 1$，其中+1代表什么？,输入通道数,卷积核高度,偏置项,卷积核宽度,C,0.0,,f×h×C_in是卷积核的权重参数，+1是偏置项（bias）。,"卷积核,参数量,偏置",教材
q213,choice,卷积神经网络CNN,激活函数,1,现代CNN中常用的激活函数是？,Sigmoid,Tanh,ReLU,Softmax,C,0.0,,ReLU（Rectified Linear Unit）是现代CNN中最常用的激活函数，收敛快且缓解梯度消失。,"ReLU,激活函数,CNN",教材
q214,choice,卷积神经网络CNN,卷积层vs全连接,3,卷积层与全连接层的主要区别在于？,卷积层没有激活函数,全连接层参数更少,卷积层具有局部感知和权值共享,两者没有区别,C,0.0,,卷积层通过局部连接（每个神经元只连接局部区域）和权值共享来减少参数，这是与全连接层的核心区别。,"卷积层,全连接层,局部感知,权值共享",教材
q215,choice,卷积神经网络CNN,卷积核,1,在CNN中使用多个卷积核的目的是？,减少计算量,提取多种特征,增加输出尺寸,简化网络结构,B,0.0,,每个卷积核提取一种特征，使用多个卷积核可以提取多种不同特征（如边缘、纹理等）。,"卷积核,多种特征,特征提取",教材
q216,choice,卷积神经网络CNN,池化层,3,池化层对特征图通道数的影响是？,通道数减半,通道数加倍,通道数不变,通道数变为1,C,0.0,,池化层在每个通道上独立操作，不改变特征图的数量（通道数）。,"池化层,通道数,特征图",教材
q217,choice,卷积神经网络CNN,卷积核尺寸,3,卷积核的尺寸通常选择？,"偶数（如2×2, 4×4）","奇数（如3×3, 5×5）",任意尺寸均可,越大越好,B,0.0,,"卷积核通常选择奇数尺寸（3×3, 5×5, 7×7），便于确定中心点位置和进行对称填充。","卷积核尺寸,奇数",教材
q218,choice,卷积神经网络CNN,步长,3,卷积中步长（Stride）的作用是？,控制卷积核滑动间隔,控制填充大小,控制卷积核尺寸,控制输出通道数,A,0.0,,步长Stride控制卷积核每次滑动的像素间隔，步长越大输出尺寸越小。,"步长,Stride,滑动间隔",教材
q219,choice,卷积神经网络CNN,填充,3,卷积中填充（Padding）的主要作用是？,控制输出尺寸,改变卷积核大小,增加网络深度,改变激活函数,A,0.0,,填充通过在输入边界添加零值来调整输出特征图的尺寸，也可保留边缘信息。,"Padding,填充,输出尺寸",教材
q220,choice,卷积神经网络CNN,CNN核心特性,3,CNN的平移不变性是指？,CNN可以识别平移后的特征,CNN参数可以平移,CNN输出可以平移,CNN输入必须固定位置,A,0.0,,平移不变性指CNN能够识别出现在图像不同位置的同一特征，这是由卷积和池化操作带来的。,"CNN,平移不变性,特征识别",教材
q221,choice,卷积神经网络CNN,CNN参数,3,CNN有权值共享特性，因此参数量远小于同等规模的全连接网络。,对,错,,,A,0.0,,权值共享使同一卷积核在整张图上共享参数，大幅减少参数量。,"CNN,权值共享,参数量,全连接",教材
q222,choice,卷积神经网络CNN,LeNet-5,3,LeNet-5包含7层（不含输入层）。,对,错,,,A,0.0,,LeNet-5共7层（不含输入层）：3个卷积层、2个池化层、2个全连接层。,"LeNet-5,7层,CNN",教材
q223,choice,卷积神经网络CNN,池化层,3,池化层会改变特征图的通道数。,对,错,,,B,0.0,,池化层在每个通道上独立操作，不改变特征图的数量（通道数不变）。,"池化层,通道数",教材
q224,choice,卷积神经网络CNN,池化层,3,最大池化（Max Pooling）保留全局背景信息。,对,错,,,B,0.0,,最大池化保留最强烈特征响应，平均池化才保留全局背景平滑信息。,"最大池化,平均池化,特征保留",教材
q225,choice,卷积神经网络CNN,卷积核尺寸,3,卷积核尺寸通常为偶数。,对,错,,,B,0.0,,"卷积核通常选择奇数尺寸（如3×3, 5×5），便于确定中心点和对称填充。","卷积核尺寸,奇数",教材
q226,choice,卷积神经网络CNN,步长,3,步长（Stride）越大，输出特征图越大。,对,错,,,B,0.0,,步长越大，卷积核滑动间隔越大，输出特征图尺寸越小。,"步长,输出尺寸",教材
q227,choice,卷积神经网络CNN,填充方式,3,Same填充使输出尺寸与输入基本一致。,对,错,,,A,0.0,,Same填充通过添加足够的零填充，使卷积输出尺寸与输入尺寸基本保持一致。,"Same填充,输出尺寸",教材
q228,choice,卷积神经网络CNN,填充方式,3,Valid填充不添加任何填充。,对,错,,,A,0.0,,Valid填充即P=0，不添加任何零填充，输出尺寸会自然缩小。,"Valid填充,无填充",教材
q229,choice,卷积神经网络CNN,全连接层,3,全连接层在CNN中通常位于最后，用于分类。,对,错,,,A,0.0,,全连接层通常在CNN末端，将提取的特征整合后送入Softmax等分类器进行最终分类。,"全连接层,分类,CNN",教材
q230,choice,卷积神经网络CNN,CNN核心特性,3,平移不变性是指CNN能够识别图像中平移后的特征。,对,错,,,A,0.0,,由于卷积和池化的特性，CNN对输入特征的平移具有一定的不变性。,"CNN,平移不变性,特征识别",教材
q231,choice,卷积神经网络CNN,卷积核,3,一个卷积核可以提取多种特征。,对,错,,,B,0.0,,一个卷积核只能提取一种特征（如边缘），多个卷积核才能提取多种特征。,"卷积核,特征提取",教材
q232,choice,卷积神经网络CNN,卷积层参数,3,卷积层的参数量与输入尺寸无关。,对,错,,,A,0.0,,卷积层参数量只取决于卷积核尺寸、输入通道数和输出通道数，与输入图像尺寸无关。,"卷积层,参数量,输入尺寸",教材
q233,choice,卷积神经网络CNN,池化层,3,池化层没有可学习的参数。,对,错,,,A,0.0,,池化层只是进行下采样操作（取最大或平均），没有需要训练的参数。,"池化层,可学习参数",教材
q234,choice,卷积神经网络CNN,ReLU,3,ReLU激活函数的输出可能为负。,对,错,,,B,0.0,,"ReLU定义为f(x)=max(0,x)，输出非负，将所有负值置为0。","ReLU,激活函数,非负",教材
q235,choice,卷积神经网络CNN,CNN核心特性,3,CNN的局部连接意味着每个神经元只连接输入图像的局部区域。,对,错,,,A,0.0,,局部连接是CNN的核心特性之一，每个神经元只感知局部区域，而非整张图像。,"CNN,局部连接,感受野",教材
q236,choice,卷积神经网络CNN,池化层,3,平均池化（Average Pooling）会保留最强烈的特征响应。,对,错,,,B,0.0,,平均池化取局部均值，保留全局平滑信息；最大池化才保留最强烈特征响应。,"平均池化,最大池化,特征响应",教材
q237,choice,卷积神经网络CNN,卷积输出尺寸,3,卷积输出尺寸公式$W_2=(W_1+2P-f)/S+1$中，$S$代表填充（Padding）。,对,错,,,B,0.0,,S代表步长（Stride），P代表填充（Padding），f是卷积核尺寸。,"卷积输出尺寸,步长,填充",教材
q238,choice,卷积神经网络CNN,卷积核参数,3,单个卷积核参数量公式中，偏置项不计入参数总量。,对,错,,,B,0.0,,公式f×h×C_in+1中的+1就是偏置项，每个卷积核有一个偏置参数。,"卷积核,参数量,偏置",教材
q239,choice,卷积神经网络CNN,CNN应用,3,CNN只能处理图像数据。,对,错,,,B,0.0,,CNN也可处理序列数据（如文本、时序信号），一维卷积常用于NLP和时间序列。,"CNN,图像,序列,应用范围",教材
q240,choice,卷积神经网络CNN,权值共享,3,权值共享意味着CNN中所有层使用相同的卷积核。,对,错,,,B,0.0,,权值共享指同一卷积核在同一层内共享参数，不同层使用不同的卷积核。,"权值共享,卷积核,不同层",教材
q241,fill,卷积神经网络CNN,CNN核心特性,1,CNN三大核心特性：局部连接、____、平移不变性。,,,,,权值共享,1.0,三大特性之一,权值共享使同一卷积核在整张图上共享参数，大幅减少参数量。,"CNN,权值共享,核心特性",教材
q242,fill,卷积神经网络CNN,卷积输出尺寸,3,卷积输出尺寸公式$W_2=$____。,,,,,(W₁+2P-f)/S+1,1.0,含输入尺寸、填充、卷积核尺寸、步长,该公式计算卷积操作后的输出特征图尺寸。,"卷积输出尺寸,公式",教材
q243,fill,卷积神经网络CNN,池化层,1,池化层的核心作用是____。,,,,,下采样或降维,1.0,降低空间尺寸,池化层通过下采样降低特征图尺寸，同时增大感受野。,"池化层,下采样,降维",教材
q244,fill,卷积神经网络CNN,卷积核参数,3,单个卷积核参数量 = $f \times h \times C_{in} +$____。,,,,,1,1.0,一个数字,+1是偏置项（bias）。,"卷积核,参数量,偏置",教材
q245,fill,卷积神经网络CNN,激活函数,1,现代CNN中常用____激活函数。,,,,,ReLU,1.0,线性整流函数,ReLU（Rectified Linear Unit）收敛快，能缓解梯度消失问题。,"ReLU,激活函数,CNN",教材
q246,fill,卷积神经网络CNN,池化层,3,卷积核的____操作保留最强烈的特征响应。,,,,,最大池化,1.0,一种池化方式,最大池化（Max Pooling）取局部最大值，保留最强烈特征。,"最大池化,特征响应",教材
q247,fill,卷积神经网络CNN,填充方式,3,____填充使输出尺寸与输入基本一致。,,,,,Same,1.0,Same或Valid,Same填充通过添加零填充保持输出尺寸不变。,"Same填充,输出尺寸",教材
q248,fill,卷积神经网络CNN,填充方式,3,____填充不添加任何填充，输出尺寸缩小。,,,,,Valid,1.0,Same或Valid,Valid填充即P=0，不添加填充，输出尺寸自然缩小。,"Valid填充,无填充,输出缩小",教材
q249,fill,卷积神经网络CNN,全连接层,3,全连接层负责将特征图____为一维。,,,,,展平,1.0,一个动词,全连接层先将二维特征图展平（Flatten）为一维向量，再整合全局特征。,"全连接层,展平,Flatten",教材
q250,fill,卷积神经网络CNN,LeNet-5,3,LeNet-5是首个实用化CNN，包含____层（不含输入层）。,,,,,7,1.0,一个数字,LeNet-5共7层：3个卷积层+2个池化层+2个全连接层。,"LeNet-5,7层,CNN",教材
q251,choice,模块6-循环神经网络,RNN基础,3,循环神经网络（RNN）专门用于处理什么类型的数据？,图像数据,时序序列数据,表格数据,图结构数据,B,,,RNN通过隐藏层自反馈连接，天然适合处理具有时间依赖关系的时序序列数据。,"RNN,时序序列",教材
q252,choice,模块6-循环神经网络,RNN基础,3,关于RNN隐藏层，下列说法正确的是？,各时间步使用不同的权重参数,各时间步权值共享，隐藏层带有自反馈连接,隐藏层只接收当前输入，不接收上一时刻状态,隐藏层参数在每个时间步随机初始化,B,,,RNN的核心特征：隐藏层带自反馈连接（接收上一时刻隐藏状态），且各时间步权值共享。,"RNN,权值共享,自反馈",教材
q253,choice,模块6-循环神经网络,RNN基础,3,RNN训练过程中面临的两大瓶颈是什么？,过拟合和欠拟合,梯度消失和梯度爆炸,计算速度慢和内存占用大,收敛速度慢和局部最优,B,,,RNN通过BPTT沿时间步反向传播，梯度连乘导致梯度消失（长期依赖丢失）或梯度爆炸。,"RNN,梯度消失,梯度爆炸",教材
q254,choice,模块6-循环神经网络,RNN基础,3,以下RNN应用模式对应关系错误的是？,语音识别→序列到序列(同步),图片描述→序列到序列,机器翻译→序列到序列(异步),情感分类→序列到类别,B,,,图片描述（Image Captioning）是类别到序列模式：输入单张图片（类别），输出文字描述（序列）。,"RNN,应用模式,序列到序列",教材
q255,choice,模块6-循环神经网络,RNN基础,3,RNN使用的反向传播算法称为？,BP（反向传播）,BPTT（随时间反向传播）,CD（对比散度）,BPTS（通过空间反向传播）,B,,,BPTT（Backpropagation Through Time）将RNN沿时间步展开后，沿时间方向进行反向传播。,"RNN,BPTT",教材
q256,choice,模块6-循环神经网络,RNN基础,3,基础RNN难以捕捉长期依赖的主要原因是什么？,参数量太少,梯度在长序列传播中消失或爆炸,激活函数选择不当,输入数据维度太大,B,,,当序列较长时，BPTT梯度连乘导致早期时间步梯度趋近于零（梯度消失），无法有效学习长期依赖。,"RNN,长期依赖,梯度消失",教材
q257,choice,模块6-循环神经网络,LSTM,3,LSTM相比基础RNN的核心改进是什么？,使用更深的网络结构,引入门控机制和细胞状态,使用更大的学习率,增加更多的隐藏层神经元,B,,,LSTM引入遗忘门、输入门、输出门和细胞状态$C_t$，有效缓解了RNN的梯度消失问题。,"LSTM,门控机制,细胞状态",教材
q258,choice,模块6-循环神经网络,LSTM,3,LSTM包含哪三个门？,更新门、重置门、输出门,遗忘门、输入门、输出门,遗忘门、更新门、重置门,输入门、输出门、注意力门,B,,,LSTM的三个门为：遗忘门（Forget Gate）控制历史信息保留、输入门（Input Gate）控制新信息写入、输出门（Output Gate）控制输出。,"LSTM,遗忘门,输入门,输出门",教材
q259,choice,模块6-循环神经网络,LSTM,3,LSTM中遗忘门的作用是什么？,控制当前输入写入细胞状态,控制历史信息的保留程度,控制细胞状态的输出,控制隐藏状态的更新方向,B,,,遗忘门$f_t$决定上一时刻细胞状态$C_{t-1}$中有多少信息被保留到当前时刻。,"LSTM,遗忘门",教材
q260,choice,模块6-循环神经网络,LSTM,3,LSTM中输入门的作用是什么？,控制输出给下一层的信息,控制历史信息的遗忘程度,控制新信息写入细胞状态,控制细胞状态的初始化,C,,,输入门$i_t$决定当前候选细胞状态$\tilde{C}_t$中有多少新信息被写入细胞状态。,"LSTM,输入门",教材
q261,choice,模块6-循环神经网络,LSTM,3,LSTM中输出门的作用是什么？,控制细胞状态更新,控制输出信息,控制输入信息,控制遗忘程度,B,,,输出门$o_t$基于当前细胞状态决定输出多少信息到隐藏状态$h_t$。,"LSTM,输出门",教材
q262,choice,模块6-循环神经网络,LSTM,5,当LSTM遗忘门$f_t=1$且输入门$i_t=0$时，细胞状态$C_t$将如何变化？,完全重置为零,直接复制上一时刻的细胞状态$C_{t-1}$,只保留当前输入信息,随机初始化,B,,,当$f_t=1$时完全保留历史信息，$i_t=0$时不写入新信息，因此$C_t = C_{t-1}$，记忆单元直接复制不更新。,"LSTM,遗忘门,输入门,细胞状态",教材
q263,choice,模块6-循环神经网络,GRU,3,关于GRU（门控循环单元），下列说法正确的是？,GRU比LSTM结构更复杂，参数量更多,GRU是LSTM的简化版，参数量更少,GRU与LSTM结构完全相同,GRU不包含任何门控机制,B,,,GRU将LSTM的三个门简化为两个门（更新门和重置门），合并了细胞状态和隐藏状态，参数量更少。,"GRU,LSTM,简化",教材
q264,choice,模块6-循环神经网络,GRU,3,GRU中的更新门对应于LSTM中的哪两个门？,遗忘门和输出门,输入门和遗忘门,输入门和输出门,遗忘门和重置门,B,,,GRU的更新门$z_t$合并了LSTM的输入门和遗忘门的功能，统一控制信息的保留与更新。,"GRU,更新门,LSTM",教材
q265,choice,模块6-循环神经网络,GRU,3,GRU中重置门的作用是什么？,控制输出信息,控制新信息的写入,控制历史信息保留程度,控制学习率衰减,C,,,重置门$r_t$决定在计算候选隐藏状态时，有多少历史信息被保留/忽略。,"GRU,重置门",教材
q266,choice,模块6-循环神经网络,Transformer,3,Transformer的核心机制是什么？,卷积操作,循环连接,自注意力（Self-Attention）,池化操作,C,,,Transformer完全摒弃了RNN的循环结构，核心是自注意力机制，可以并行计算序列中所有位置之间的关系。,"Transformer,自注意力",教材
q267,choice,模块6-循环神经网络,Transformer,5,自注意力的计算公式为？,"$Attention(Q,K,V) = softmax(QK)V$","$Attention(Q,K,V) = softmax(\frac{QK^T}{\sqrt{d_k}})V$","$Attention(Q,K,V) = sigmoid(\frac{QK^T}{d_k})V$","$Attention(Q,K,V) = tanh(QK^T \cdot d_k)V$",B,,,"标准自注意力公式：$Attention(Q,K,V)=softmax(\frac{QK^T}{\sqrt{d_k}})V$，其中$\sqrt{d_k}$为缩放因子。","Transformer,自注意力,公式",教材
q268,choice,模块6-循环神经网络,Transformer,3,自注意力公式中除以$\sqrt{d_k}$的目的是什么？,增大注意力权重,防止softmax饱和，使梯度更稳定,减少计算量,提高模型容量,B,,,当$d_k$较大时，$QK^T$的值会很大，导致softmax输出趋于one-hot分布，梯度接近零。除以$\sqrt{d_k}$可缩放点积，防止饱和。,"Transformer,缩放,softmax",教材
q269,choice,模块6-循环神经网络,Transformer,3,Transformer中位置编码（Positional Encoding）的作用是什么？,加速模型训练,弥补自注意力无法感知序列位置的缺陷,减少模型参数量,防止过拟合,B,,,自注意力机制本身不包含序列位置信息，位置编码为每个位置添加唯一的位置表征，使模型能感知词序。,"Transformer,位置编码",教材
q270,choice,模块6-循环神经网络,Transformer,3,多头注意力（Multi-Head Attention）的优势是什么？,减少计算量,从多个子空间关注不同位置，提取更丰富特征,降低模型参数量,替代位置编码,B,,,多头注意力将Q、K、V投影到多个子空间，每个头关注不同方面的信息，最后拼接融合，增强模型表达能力。,"Transformer,多头注意力",教材
q271,choice,模块6-循环神经网络,Transformer,3,标准Transformer模型中编码器和解码器各由多少层堆叠而成？,编码器4层，解码器4层,编码器6层，解码器6层,编码器8层，解码器8层,编码器12层，解码器12层,B,,,原始Transformer论文中编码器和解码器各由6个相同的层堆叠而成。,"Transformer,编码器,解码器,层数",教材
q272,choice,模块6-循环神经网络,Transformer,3,Transformer编码器每一层的结构包含哪些组件？,仅自注意力层,自注意力→残差&归一化→FFN→残差&归一化,卷积→池化→全连接,RNN→注意力→全连接,B,,,编码器每层：多头自注意力子层（+残差连接+层归一化）→前馈神经网络子层（+残差连接+层归一化）。,"Transformer,编码器,残差,归一化",教材
q273,choice,模块6-循环神经网络,Transformer,5,Transformer解码器包含哪三种注意力/子层？,自注意力、RNN、全连接,掩码自注意力、编解码注意力、FFN,卷积注意力、循环注意力、前馈,全局注意力、局部注意力、池化,B,,,解码器每层：掩码多头自注意力（防止看到未来）→编解码多头注意力（Q来自解码器，K/V来自编码器）→FFN。,"Transformer,解码器,掩码自注意力",教材
q274,choice,模块6-循环神经网络,Transformer,3,Transformer解码器中掩码自注意力的作用是什么？,加速训练,禁止解码器在预测时看到未来位置的信息,增加模型容量,减少过拟合,B,,,解码时第$t$个位置只能关注$t$及之前的位置，掩码将未来位置注意力权重设为负无穷，保证自回归生成。,"Transformer,掩码自注意力,自回归",教材
q275,choice,模块6-循环神经网络,综合判断,1,RNN各时间步的权值是不共享的。,对,错,,,B,,,RNN的核心特征之一就是各时间步权值共享，这样才能处理变长序列并减少参数量。,"RNN,权值共享",教材
q276,choice,模块6-循环神经网络,综合判断,1,LSTM的遗忘门控制输出信息。,对,错,,,B,,,遗忘门控制历史信息的保留程度，输出门才控制输出信息。,"LSTM,遗忘门",教材
q277,choice,模块6-循环神经网络,综合判断,1,GRU比LSTM的参数量更多。,对,错,,,B,,,GRU是LSTM的简化版，将三个门简化为两个门，参数量更少。,"GRU,LSTM,参数量",教材
q278,choice,模块6-循环神经网络,综合判断,1,Transformer自注意力中除以$\sqrt{d_k}$是为了防止softmax饱和。,对,错,,,A,,,缩放点积注意力通过除以$\sqrt{d_k}$防止内积过大导致softmax梯度消失。,"Transformer,缩放,softmax",教材
q279,choice,模块6-循环神经网络,综合判断,1,Transformer的位置编码使用正余弦函数。,对,错,,,A,,,原始Transformer使用正弦和余弦函数生成位置编码，使模型能推广到训练时未见过的序列长度。,"Transformer,位置编码,正余弦",教材
q280,choice,模块6-循环神经网络,综合判断,1,BERT模型由Transformer解码器堆叠而成。,对,错,,,B,,,BERT由Transformer编码器堆叠而成，只使用编码器部分进行双向上下文建模。,"BERT,Transformer,编码器",教材
q281,choice,模块6-循环神经网络,综合判断,1,RNN中梯度沿时间步连乘，容易导致梯度消失。,对,错,,,A,,,BPTT中梯度沿时间步反向传播，连乘效应使早期时间步梯度趋近于零，导致梯度消失。,"RNN,梯度消失,BPTT",教材
q282,choice,模块6-循环神经网络,综合判断,1,LSTM的输入门控制新信息写入细胞状态。,对,错,,,A,,,输入门$i_t$决定候选细胞状态中有多少新信息被写入当前细胞状态。,"LSTM,输入门",教材
q283,choice,模块6-循环神经网络,综合判断,1,Transformer可以并行计算所有位置。,对,错,,,A,,,与RNN的串行不同，自注意力机制可同时计算所有位置之间的注意力，实现并行化。,"Transformer,并行计算",教材
q284,choice,模块6-循环神经网络,综合判断,1,Transformer解码器的掩码自注意力允许看到未来位置的信息。,对,错,,,B,,,掩码自注意力通过将未来位置注意力权重设为负无穷，禁止模型看到未来信息。,"Transformer,掩码自注意力",教材
q285,choice,模块6-循环神经网络,综合判断,1,RNN应用于语音识别属于序列到序列（异步）模式。,对,错,,,B,,,语音识别输入和输出序列长度对齐（逐帧识别），属于序列到序列（同步）模式。,"RNN,语音识别,序列到序列",教材
q286,choice,模块6-循环神经网络,综合判断,1,图片描述（Image Captioning）属于序列到序列模式。,对,错,,,B,,,图片描述输入是单张图片（类别），输出是文字序列，属于类别到序列模式。,"RNN,图片描述,类别到序列",教材
q287,choice,模块6-循环神经网络,综合判断,1,情感分类属于序列到类别模式。,对,错,,,A,,,情感分类输入是文本序列，输出是单一情感标签（类别），属于序列到类别模式。,"RNN,情感分类,序列到类别",教材
q288,choice,模块6-循环神经网络,综合判断,1,多头注意力让模型从单一维度关注序列信息。,对,错,,,B,,,多头注意力将Q/K/V投影到多个子空间，从不同维度关注不同位置的信息。,"Transformer,多头注意力",教材
q289,choice,模块6-循环神经网络,综合判断,1,Transformer编解码注意力中，Query来自编码器输出。,对,错,,,B,,,编解码注意力中Query来自解码器上一层输出，Key和Value来自编码器输出。,"Transformer,编解码注意力",教材
q290,choice,模块6-循环神经网络,综合判断,1,残差连接可以缓解梯度消失问题。,对,错,,,A,,,残差连接为梯度提供了一条直接通路，使深层网络中的梯度能更顺畅地反向传播。,"残差连接,梯度消失",教材
q291,choice,模块6-循环神经网络,综合判断,1,层归一化（Layer Normalization）有助于加快模型收敛。,对,错,,,A,,,层归一化对每个样本的所有特征进行归一化，稳定训练过程，加快收敛速度。,"层归一化,收敛",教材
q292,choice,模块6-循环神经网络,综合判断,1,Transformer中的前馈神经网络FFN是两层全连接加激活函数。,对,错,,,A,,,"FFN子层由两个线性变换和一个ReLU激活函数组成：$FFN(x)=max(0, xW_1+b_1)W_2+b_2$。","Transformer,FFN",教材
q293,choice,模块6-循环神经网络,综合判断,1,LSTM的输出门控制细胞状态的更新。,对,错,,,B,,,输出门控制的是从细胞状态到隐藏状态的输出信息，输入门和遗忘门才控制细胞状态更新。,"LSTM,输出门",教材
q294,choice,模块6-循环神经网络,综合判断,1,教师强制（Teacher Forcing）训练时，解码器输入真实目标序列。,对,错,,,A,,,教师强制训练时，解码器每一步的输入是真实的前一个目标词，而非模型自己预测的词。,"教师强制,解码器",教材
q295,choice,模块6-循环神经网络,综合判断,1,Transformer解码器也包含自注意力层。,对,错,,,A,,,解码器每层包含掩码自注意力层（先）+ 编解码注意力层（后）+ FFN。,"Transformer,解码器,自注意力",教材
q296,choice,模块6-循环神经网络,综合判断,1,自注意力的计算复杂度与序列长度平方成正比。,对,错,,,A,,,自注意力需要计算每对位置之间的注意力权重，复杂度为$O(n^2 \cdot d)$，$n$为序列长度。,"自注意力,计算复杂度",教材
q297,choice,模块6-循环神经网络,综合判断,1,GRU的重置门控制历史信息的保留程度。,对,错,,,A,,,重置门$r_t$决定在计算候选隐藏状态时，历史信息被保留或忽略的程度。,"GRU,重置门",教材
q298,choice,模块6-循环神经网络,综合判断,1,RNN的BPTT算法是沿网络层反向传播的。,对,错,,,B,,,BPTT是沿时间步反向传播，而非沿网络层。它将RNN按时间步展开后沿时间方向计算梯度。,"RNN,BPTT,时间步",教材
q299,fill,模块6-循环神经网络,综合填空,3,RNN专门处理____数据。,,,,,时序序列,1.0,时序序列,RNN的设计初衷就是处理具有时间依赖的序列数据。,"RNN,时序序列",教材
q300,fill,模块6-循环神经网络,综合填空,3,RNN训练中的两大瓶颈：____和____。,,,,,梯度消失||梯度爆炸,2.0,梯度消失/梯度爆炸,RNN通过BPTT训练，梯度沿时间步连乘容易导致梯度消失或梯度爆炸。,"RNN,梯度消失,梯度爆炸",教材
q301,fill,模块6-循环神经网络,综合填空,3,LSTM包含三个门：遗忘门、____、输出门。,,,,,输入门,1.0,输入门,LSTM的遗忘门控制历史信息保留，输入门控制新信息写入，输出门控制输出。,"LSTM,输入门",教材
q302,fill,模块6-循环神经网络,综合填空,3,GRU将LSTM的输入门和遗忘门合并为____。,,,,,更新门,1.0,更新门,GRU的更新门同时承担了LSTM中遗忘门和输入门的功能。,"GRU,更新门",教材
q303,fill,模块6-循环神经网络,综合填空,3,Transformer的核心是____机制。,,,,,自注意力,1.0,自注意力,Transformer完全摒弃RNN循环结构，以自注意力机制为核心。,"Transformer,自注意力",教材
q304,fill,模块6-循环神经网络,综合填空,3,自注意力公式中除以$\sqrt{d_k}$用于____。,,,,,缩放,1.0,缩放,缩放因子$\sqrt{d_k}$防止点积过大导致softmax饱和。,"Transformer,缩放",教材
q305,fill,模块6-循环神经网络,综合填空,3,Transformer使用____编码弥补位置信息缺失。,,,,,位置,1.0,位置,由于自注意力无法感知序列顺序，位置编码为每个位置添加唯一的位置表征。,"Transformer,位置编码",教材
q306,fill,模块6-循环神经网络,综合填空,3,"自注意力公式 $Attention(Q,K,V) =$ ____。",,,,,softmax(QK^T/√d_k)V,1.0,softmax公式,"完整公式：$Attention(Q,K,V)=softmax(\frac{QK^T}{\sqrt{d_k}})V$。","Transformer,自注意力,公式",教材
q307,fill,模块6-循环神经网络,综合填空,3,LSTM的____控制历史信息保留。,,,,,遗忘门,1.0,遗忘门,遗忘门$f_t$决定上一时刻细胞状态$C_{t-1}$中有多少保留到当前时刻。,"LSTM,遗忘门",教材
q308,fill,模块6-循环神经网络,综合填空,3,机器翻译属于____应用模式。,,,,,序列到序列,1.0,序列到序列（异步）,机器翻译输入和输出都是序列且长度不同，属于序列到序列（异步）模式。,"RNN,机器翻译,序列到序列",教材
q309,fill,模块6-循环神经网络,综合填空,3,Transformer编码器共____层。,,,,,6,1.0,6层,原始Transformer论文中编码器由6个相同的层堆叠而成。,"Transformer,编码器",教材
q310,fill,模块6-循环神经网络,综合填空,3,掩码自注意力禁止看到____位置的信息。,,,,,未来,1.0,未来,解码时通过掩码将未来位置注意力权重设为负无穷，保证自回归生成。,"Transformer,掩码,未来",教材
q311,choice,模块7-优化调优与前沿,综合选择,3,过拟合现象的典型表现是什么？,训练集和测试集表现都好,训练集表现好但测试集表现差,训练集和测试集表现都差,训练集表现差但测试集表现好,B,,,过拟合时模型过度记忆训练数据中的噪声和细节，在训练集上表现优异但在未见过的测试集上泛化能力差。,"过拟合,训练集,测试集",教材
q312,choice,模块7-优化调优与前沿,综合选择,3,欠拟合的典型表现是什么？,训练集好测试集差,训练集和测试集表现都差,训练集差测试集好,训练集和测试集都出现过拟合,B,,,欠拟合指模型复杂度不足以捕捉数据规律，训练集和测试集上的表现都差。,"欠拟合,模型复杂度",教材
q313,choice,模块7-优化调优与前沿,综合选择,3,以下哪项不是解决梯度消失/爆炸的常用方法？,使用ReLU激活函数,合理的权重初始化,残差连接,增加学习率,D,,,增加学习率不能解决梯度消失/爆炸，反而可能加剧训练不稳定。常用方法包括ReLU、Xavier/He初始化、残差连接、BatchNorm等。,"梯度消失,梯度爆炸,ReLU,残差连接",教材
q314,choice,模块7-优化调优与前沿,综合选择,3,关于L1/L2正则化，下列说法正确的是？,L1/L2正则化是解决欠拟合的方法,L1/L2正则化通过约束权重大小来防止过拟合,L1正则化不会产生稀疏解,L2正则化一定会使权重为零,B,,,L1（Lasso）和L2（Ridge）正则化通过在损失函数中增加权重惩罚项，约束权重大小，防止过拟合。,"正则化,L1,L2,过拟合",教材
q315,choice,模块7-优化调优与前沿,综合选择,3,自编码器（AutoEncoder）的训练目标是什么？,最大化分类准确率,最小化重构误差,最大化生成图像多样性,最小化模型参数量,B,,,自编码器由编码器将输入压缩到瓶颈层，再经解码器重构，训练目标是最小化输入与重构输出之间的差异。,"自编码器,重构误差",教材
q316,choice,模块7-优化调优与前沿,综合选择,3,GAN（生成对抗网络）由哪两个网络组成？,编码器和解码器,生成器和判别器,RNN和CNN,注意力网络和前馈网络,B,,,GAN由生成器G（Generator）和判别器D（Discriminator）组成，二者通过对抗训练达到纳什均衡。,"GAN,生成器,判别器",教材
q317,choice,模块7-优化调优与前沿,综合选择,3,GAN达到纳什均衡时，判别器输出趋近于多少？,0,0.5,1,无穷大,B,,,纳什均衡时生成器产生的样本与真实样本无法区分，判别器输出概率趋近于0.5（随机猜测）。,"GAN,纳什均衡",教材
q318,choice,模块7-优化调优与前沿,综合选择,3,Q-Learning属于哪种类型的强化学习算法？,同策略（On-Policy）算法,异策略（Off-Policy）算法,基于模型的算法,纯策略梯度算法,B,,,Q-Learning是异策略算法：行为策略用ε-贪婪探索，目标策略为贪婪最优策略，两者不同。,"Q-Learning,异策略",教材
q319,choice,模块7-优化调优与前沿,综合选择,3,Q-Learning的核心载体是什么？,神经网络,Q表,策略函数,价值网络,B,,,Q-Learning维护一张Q表（状态-动作价值表），通过查表来选择动作和更新Q值。,"Q-Learning,Q表",教材
q320,choice,模块7-优化调优与前沿,综合选择,3,ε-贪婪策略在强化学习中的主要作用是什么？,加快收敛速度,平衡探索与利用,减少计算量,防止过拟合,B,,,ε-贪婪策略以概率ε随机选择动作（探索），以概率1-ε选择最优动作（利用），平衡探索与利用。,"ε-贪婪,探索,利用",教材
q321,choice,模块7-优化调优与前沿,综合选择,3,Q值更新公式中TD目标的表达式为？,$R + \gamma \cdot \min Q$,$R + \gamma \cdot \max Q$,$R + \gamma \cdot avg Q$,$R \cdot \gamma + \max Q$,B,,,"TD目标为$R + \gamma \cdot \max_{a'}Q(s',a')$，即当前奖励+折扣后的最大未来Q值。","Q-Learning,TD目标",教材
q322,choice,模块7-优化调优与前沿,综合选择,3,以下哪种激活函数有助于缓解梯度消失问题？,Sigmoid,Tanh,ReLU,Softmax,C,,,ReLU在正区间导数为1，避免了Sigmoid/Tanh的饱和区梯度趋近于零的问题，有效缓解梯度消失。,"ReLU,梯度消失,激活函数",教材
q323,choice,模块7-优化调优与前沿,综合选择,3,Adam优化器的主要特点是什么？,仅使用动量,仅使用自适应学习率,结合动量和自适应学习率,使用固定学习率,C,,,Adam同时结合了Momentum（动量）和RMSprop（自适应学习率），是目前最常用的优化器之一。,"Adam,动量,自适应学习率",教材
q324,choice,模块7-优化调优与前沿,综合选择,3,残差连接（Residual Connection）的核心作用是什么？,增加模型参数量,让信息在前向和反向传播中更顺畅,替代激活函数,减少模型层数,B,,,残差连接通过跳跃连接为梯度提供直接通路，缓解深层网络中的梯度消失，使信息传播更顺畅。,"残差连接,梯度传播",教材
q325,choice,模块7-优化调优与前沿,综合选择,3,以下哪项不是解决过拟合的常用方法？,增加模型复杂度,正则化（L1/L2）,Dropout,数据增强,A,,,增加模型复杂度会加剧过拟合。解决过拟合的方法包括正则化、Dropout、数据增强、早停等。,"过拟合,正则化,Dropout",教材
q326,choice,模块7-优化调优与前沿,综合选择,3,关于强化学习中基于模型与无模型方法，下列说法正确的是？,基于模型的方法不需要环境模型,无模型方法已知环境模型,基于模型指已知环境模型（状态转移和奖励函数）,Q-Learning属于基于模型的方法,C,,,基于模型的方法已知环境动态（状态转移概率和奖励函数），如动态规划；Q-Learning则属于无模型方法。,"强化学习,基于模型,无模型",教材
q327,choice,模块7-优化调优与前沿,综合判断,1,L1/L2正则化是解决欠拟合的主要方法。,对,错,,,B,,,L1/L2正则化通过约束权重来防止过拟合，而非解决欠拟合。解决欠拟合通常需要增加模型复杂度。,"正则化,过拟合,欠拟合",教材
q328,choice,模块7-优化调优与前沿,综合判断,1,GAN中判别器越强越好。,对,错,,,B,,,判别器过强会导致生成器梯度消失，训练不稳定。GAN需要生成器和判别器保持相对平衡。,"GAN,判别器,平衡",教材
q329,choice,模块7-优化调优与前沿,综合判断,1,Q-Learning是同策略（On-Policy）算法。,对,错,,,B,,,Q-Learning是异策略算法，行为策略（ε-贪婪）与目标策略（贪婪最优）不同。,"Q-Learning,异策略",教材
q330,choice,模块7-优化调优与前沿,综合判断,1,自编码器的训练目标是最小化重构误差。,对,错,,,A,,,自编码器通过编码器压缩、解码器重构，目标是最小化输入与重构输出之间的差异。,"自编码器,重构误差",教材
q331,choice,模块7-优化调优与前沿,综合判断,1,过拟合的模型在测试集上表现好。,对,错,,,B,,,过拟合模型在训练集上表现好，但在测试集（未见数据）上表现差，泛化能力不足。,"过拟合,测试集",教材
q332,choice,模块7-优化调优与前沿,综合判断,1,欠拟合通常是因为模型复杂度不足。,对,错,,,A,,,欠拟合的主要原因是模型复杂度不够，无法捕捉数据中的规律，导致训练集和测试集表现都差。,"欠拟合,模型复杂度",教材
q333,choice,模块7-优化调优与前沿,综合判断,1,梯度消失可以使用ReLU激活函数缓解。,对,错,,,A,,,ReLU在正区间导数为常数1，避免了Sigmoid/Tanh在饱和区梯度趋近于零的问题。,"梯度消失,ReLU",教材
q334,choice,模块7-优化调优与前沿,综合判断,1,残差连接是ResNet网络的核心创新。,对,错,,,A,,,ResNet通过残差连接（跳跃连接）解决了深层网络退化问题，是其核心创新。,"残差连接,ResNet",教材
q335,choice,模块7-优化调优与前沿,综合判断,1,正则化通过约束权重来避免过拟合。,对,错,,,A,,,正则化通过在损失函数中增加权重惩罚项，限制权重大小，从而防止过拟合。,"正则化,过拟合",教材
q336,choice,模块7-优化调优与前沿,综合判断,1,学习率调整属于网络结构优化方法。,对,错,,,B,,,学习率调整属于学习策略/超参数优化，而非网络结构优化（如层数、神经元数等）。,"学习率,超参数,网络结构",教材
q337,choice,模块7-优化调优与前沿,综合判断,1,Q-Learning使用ε-贪婪策略来平衡探索与利用。,对,错,,,A,,,ε-贪婪策略以概率ε随机探索，以概率1-ε利用当前最优动作，是Q-Learning最常用的动作选择策略。,"Q-Learning,ε-贪婪,探索,利用",教材
q338,choice,模块7-优化调优与前沿,综合判断,1,GAN中生成器的目标是最大化判别器的错误率。,对,错,,,A,,,生成器试图生成逼真的假样本，使判别器无法区分真假，等价于最大化判别器错误率。,"GAN,生成器,判别器",教材
q339,choice,模块7-优化调优与前沿,综合判断,1,自编码器的瓶颈层维度通常比输入层维度小。,对,错,,,A,,,瓶颈层（Bottleneck）维度通常小于输入，实现数据压缩和特征提取，防止自编码器简单记忆输入。,"自编码器,瓶颈层",教材
q340,choice,模块7-优化调优与前沿,综合判断,1,批归一化（Batch Normalization）有助于加快训练速度。,对,错,,,A,,,BatchNorm通过对每批次数据归一化，减少内部协变量偏移，允许使用更大学习率，加快训练。,"批归一化,BatchNorm",教材
q341,choice,模块7-优化调优与前沿,综合判断,1,强化学习中'基于模型'指已知环境的状态转移和奖励模型。,对,错,,,A,,,基于模型（Model-Based）方法已知环境动态，可利用模型进行规划，如动态规划。,"强化学习,基于模型",教材
q342,choice,模块7-优化调优与前沿,综合判断,1,Adam优化器只使用动量，不使用自适应学习率。,对,错,,,B,,,Adam同时结合了动量（Momentum）和自适应学习率（RMSprop），是两者的结合。,"Adam,动量,自适应学习率",教材
q343,fill,模块7-优化调优与前沿,综合填空,3,过拟合指模型在训练集表现好但在____表现差。,,,,,测试集,1.0,测试集/新数据,过拟合的本质是模型泛化能力不足，在未见过的测试集/新数据上表现差。,"过拟合,测试集",教材
q344,fill,模块7-优化调优与前沿,综合填空,3,自编码器结构包含编码器、____、解码器。,,,,,瓶颈层,1.0,瓶颈层,自编码器由编码器→瓶颈层（低维表示）→解码器组成，瓶颈层实现数据压缩。,"自编码器,瓶颈层",教材
q345,fill,模块7-优化调优与前沿,综合填空,3,GAN包含____和判别器两个网络。,,,,,生成器,1.0,生成器,GAN由生成器G和判别器D组成，二者通过对抗训练不断提升。,"GAN,生成器",教材
q346,fill,模块7-优化调优与前沿,综合填空,3,Q-Learning是____策略算法。,,,,,异,1.0,异策略,Q-Learning行为策略和目标策略不同，属于异策略（Off-Policy）算法。,"Q-Learning,异策略",教材
q347,fill,模块7-优化调优与前沿,综合填空,3,Q-Learning的核心载体是____。,,,,,Q表,1.0,Q表,Q-Learning通过维护Q表来存储和更新状态-动作价值。,"Q-Learning,Q表",教材
q348,fill,模块7-优化调优与前沿,综合填空,3,强化学习中使用____策略平衡探索与利用。,,,,,ε-贪婪,1.0,ε-贪婪,ε-贪婪策略以概率ε随机探索，1-ε概率选择最优动作，有效平衡探索与利用。,"ε-贪婪,探索,利用",教材
q349,fill,模块7-优化调优与前沿,综合填空,3,正则化____和____约束权重大小。,,,,,L1||L2,2.0,L1/L2正则化,L1正则化（Lasso）和L2正则化（Ridge）通过惩罚项约束权重大小，防止过拟合。,"正则化,L1,L2",教材
q350,fill,模块7-优化调优与前沿,综合填空,3,梯度消失可用____激活函数缓解。,,,,,ReLU,1.0,ReLU,ReLU在正区间导数为1，避免了Sigmoid/Tanh的梯度饱和问题，有效缓解梯度消失。,"ReLU,梯度消失",教材
