id,type,experiment,knowledge,difficulty,question,option_a,option_b,option_c,option_d,answer,blank_count,fill_hint,explanation,keywords,source,Unnamed: 16,Unnamed: 17,Unnamed: 18,Unnamed: 19
qM001,choice,迈克尔孙干涉仪实验,干涉原理,2,迈克尔孙干涉仪中，两束相干光的光程差每改变______，干涉条纹就会移动一条。,λ/2,λ,2λ,λ/4,A,,,迈克尔孙干涉仪中，动镜每移动λ/2的距离，两束光的光程差就会改变λ，对应干涉条纹移动一条。,迈克尔孙干涉仪;光程差;条纹移动;λ/2,实验讲义PDF,,,,
qM002,choice,迈克尔孙干涉仪实验,仪器调节,1,调节迈克尔孙干涉仪时，首先要完成的操作是：,调节动镜位置,调节定镜的俯仰螺丝,调节激光束的入射方向,安装扩束镜,C,,,调节迈克尔孙干涉仪的第一步是调节激光束的入射方向，使激光束垂直入射到分束镜上，保证两束光的光路对称。,迈克尔孙干涉仪;仪器调节;激光入射方向,实验讲义PDF,,,,
qM003,fill,迈克尔孙干涉仪实验,波长测量,2,用迈克尔孙干涉仪测量激光波长时，若动镜移动距离为d，条纹移动数为N，则激光波长λ的计算公式为______。,,,,,λ=2d/N,1.0,填写公式,动镜每移动λ/2，条纹移动1条，因此d = N·(λ/2)，整理得λ=2d/N。,迈克尔孙干涉仪;波长测量;λ=2d/N,实验讲义PDF,,,,
qM004,choice,迈克尔孙干涉仪实验,干涉条纹,3,当迈克尔孙干涉仪的定镜和动镜严格垂直时，观察到的干涉条纹是：,等厚干涉直条纹,等倾干涉同心圆环,双曲线形条纹,椭圆形条纹,B,,,当定镜和动镜严格垂直时，两束相干光的光程差仅由入射光的倾角决定，形成等倾干涉的同心圆环条纹。,迈克尔孙干涉仪;等倾干涉;同心圆环,实验讲义PDF,,,,
qM005,fill,迈克尔孙干涉仪实验,仪器结构,1,迈克尔孙干涉仪的核心光学元件包括分束镜、______、定镜和动镜。,,,,,补偿镜,1.0,填写元件名称,补偿镜的作用是补偿两束相干光在玻璃介质中的光程差，保证两束光的光程差仅由空气路径决定。,迈克尔孙干涉仪;核心元件;补偿镜,实验讲义PDF,,,,
qG001,choice,光栅衍射实验,光栅方程,2,光栅衍射的主极大条件（光栅方程）为：,d·sinθ=kλ,d·cosθ=kλ,d·sinθ=(2k+1)λ/2,d·cosθ=(2k+1)λ/2,A,,,光栅衍射主极大的条件是相邻两缝的衍射光光程差为波长的整数倍，即d·sinθ=kλ，其中d为光栅常数，k为衍射级次。,光栅衍射;光栅方程;d·sinθ=kλ,实验讲义PDF,,,,
qG002,choice,光栅衍射实验,仪器调节,1,在光栅衍射实验中，调节分光计时，首先要调节的是：,平行光管,望远镜,载物台,光栅位置,B,,,分光计的调节顺序是先调节望远镜，使望远镜聚焦于无穷远，再调节平行光管，最后调节载物台和光栅。,光栅衍射;分光计调节;望远镜,实验讲义PDF,,,,
qG003,fill,光栅衍射实验,光栅常数,2,若光栅的刻线密度为N条/毫米，则光栅常数d的计算公式为______毫米。,,,,,d=1/N,1.0,填写公式,光栅常数是相邻两缝的间距，刻线密度为N条/毫米时，每毫米有N个缝，因此相邻缝间距d=1/N毫米。,光栅衍射;光栅常数;刻线密度,实验讲义PDF,,,,
qG004,choice,光栅衍射实验,衍射级次,3,用波长为589.3nm的钠黄光垂直入射到光栅常数为2μm的光栅上，能观察到的最高衍射级次为：,2级,3级,4级,5级,B,,,根据光栅方程d·sinθ=kλ，sinθ的最大值为1，因此k_max=d/λ=2e-6m/589.3e-9m≈3.39，取整数为3级。,光栅衍射;最高衍射级次;光栅方程,实验讲义PDF,,,,
qG005,fill,光栅衍射实验,缺级现象,2,光栅衍射中，当光栅常数d与缝宽a的比值为整数时，会发生______现象。,,,,,缺级,1.0,填写现象名称,当d/a为整数时，光栅衍射的主极大位置恰好与单缝衍射的极小位置重合，导致该级次的主极大消失，称为缺级现象。,光栅衍射;缺级现象;d/a比值,实验讲义PDF,,,,
qP001,choice,光的偏振实验,马吕斯定律,2,马吕斯定律的表达式为：,I=I?·cos2θ,I=I?·sin2θ,I=I?·cosθ,I=I?·sinθ,A,,,马吕斯定律描述了线偏振光通过偏振片后，透射光强与入射光强、偏振片透振方向夹角的关系，表达式为I=I?·cos2θ。,光的偏振;马吕斯定律;I=I?·cos2θ,实验讲义PDF,,,,
qP002,choice,光的偏振实验,偏振片,1,偏振片的作用是：,产生线偏振光,检验线偏振光,产生和检验线偏振光,改变光的波长,C,,,偏振片既可以作为起偏器，将自然光变为线偏振光；也可以作为检偏器，检验入射光是否为线偏振光。,光的偏振;偏振片;起偏器;检偏器,实验讲义PDF,,,,
qP003,fill,光的偏振实验,布儒斯特定律,2,布儒斯特定律的表达式为______，其中i_B为布儒斯特角，n?为折射介质的折射率。,,,,,tani_B=n?/n?,1.0,填写公式,布儒斯特定律描述了自然光以布儒斯特角入射到两种介质的分界面时，反射光为线偏振光，其振动方向垂直于入射面，表达式为tani_B=n?/n?。,光的偏振;布儒斯特定律;布儒斯特角,实验讲义PDF,,,,
qP004,choice,光的偏振实验,波片,3,1/4波片的作用是：,将线偏振光变为圆偏振光,将圆偏振光变为线偏振光,改变线偏振光的振动方向,以上都是,D,,,1/4波片可以使o光和e光产生λ/4的光程差，当线偏振光的振动方向与波片光轴成45°时，出射光为圆偏振光；反之，圆偏振光通过1/4波片后变为线偏振光；也可以通过旋转波片改变线偏振光的振动方向。,光的偏振;1/4波片;圆偏振光;线偏振光,实验讲义PDF,,,,
qP005,fill,光的偏振实验,偏振态,1,光的偏振态分为自然光、部分偏振光、______、椭圆偏振光和圆偏振光。,,,,,线偏振光,1.0,填写偏振态名称,光的偏振态根据电场矢量的振动规律分为五类：自然光、部分偏振光、线偏振光、椭圆偏振光和圆偏振光。,光的偏振;偏振态;线偏振光,实验讲义PDF,,,,
qD001,choice,直流电桥实验,惠斯通电桥原理,2,惠斯通电桥的平衡条件为：,R?/R?=R?/R?,R?/R?=R?/R?,R?·R?=R?·R?,R?+R?=R?+R?,A,,,惠斯通电桥平衡时，桥臂两端的电位相等，检流计中无电流通过，此时四个桥臂的电阻满足R?/R?=R?/R?的关系。,直流电桥;惠斯通电桥;平衡条件,实验讲义PDF,,,,
qD002,choice,直流电桥实验,仪器操作,1,使用惠斯通电桥测量电阻时，首先要进行的操作是：,接入被测电阻,调节比例臂,检流计调零,接通电源,C,,,使用惠斯通电桥的第一步是对检流计进行调零，确保检流计在无电流通过时指针指零，避免测量误差。,直流电桥;惠斯通电桥;检流计调零,实验讲义PDF,,,,
qD003,fill,直流电桥实验,比例臂,2,惠斯通电桥中，比例臂的作用是确定被测电阻的______。,,,,,数量级,1.0,填写作用,比例臂是电桥中两个固定电阻的比值，用于确定被测电阻的数量级，再通过调节比较臂的电阻值，使电桥达到平衡，从而得到被测电阻的准确值。,直流电桥;惠斯通电桥;比例臂;数量级,实验讲义PDF,,,,
qD004,choice,直流电桥实验,测量误差,3,惠斯通电桥测量电阻时，下列哪种因素不会引起系统误差？,桥臂电阻的标称值误差,检流计的灵敏度不足,电源电压的波动,测量时的环境温度变化,C,,,惠斯通电桥的平衡条件与电源电压无关，只要电源电压稳定，不会因电压波动引起系统误差；而桥臂电阻误差、检流计灵敏度、温度变化都会引起系统误差。,直流电桥;惠斯通电桥;系统误差,实验讲义PDF,,,,
qD005,fill,直流电桥实验,电桥类型,1,惠斯通电桥属于______电桥，主要用于测量中值电阻。,,,,,直流单臂,1.0,填写电桥类型,惠斯通电桥是直流单臂电桥，适用于测量1Ω~1MΩ范围内的中值电阻；对于低值电阻，通常使用直流双臂电桥（开尔文电桥）。,直流电桥;惠斯通电桥;直流单臂电桥,实验讲义PDF,,,,
qS001,choice,声速的测量,共振干涉法,2,用共振干涉法测量声速时，相邻两个共振峰之间的距离为：,λ/2,λ,2λ,λ/4,A,,,共振干涉法中，当发射换能器和接收换能器之间的距离为半波长的整数倍时，会发生共振，形成驻波，相邻两个共振峰之间的距离为λ/2。,声速测量;共振干涉法;驻波;λ/2,实验讲义PDF,,,,
qS002,choice,声速的测量,仪器调节,1,在声速测量实验中，首先要调节的是：,接收换能器的位置,发射换能器的驱动频率,示波器的扫描速度,信号发生器的输出电压,B,,,声速测量的第一步是调节发射换能器的驱动频率，使其等于换能器的谐振频率，此时换能器的发射效率最高，接收信号最强。,声速测量;换能器;谐振频率,实验讲义PDF,,,,
qS003,fill,声速的测量,声速计算,2,用共振干涉法测量声速时，若测得相邻n个共振峰之间的距离为L，信号频率为f，则声速v的计算公式为______。,,,,,v=2fL/(n-1),1.0,填写公式,相邻n个共振峰之间有(n-1)个半波长间隔，因此L=(n-1)·(λ/2)，λ=2L/(n-1)，再由v=λf得v=2fL/(n-1)。,声速测量;共振干涉法;声速计算公式,实验讲义PDF,,,,
qS004,choice,声速的测量,相位比较法,3,用相位比较法测量声速时，当发射波和接收波的相位差为______时，示波器上的李萨如图形为一条直线。,0°或180°,90°,45°,270°,A,,,相位比较法中，将发射波和接收波分别输入示波器的X轴和Y轴，当相位差为0°或180°时，李萨如图形为一条直线；相位差为90°时为正椭圆。,声速测量;相位比较法;李萨如图形;相位差,实验讲义PDF,,,,
qS005,fill,声速的测量,影响因素,1,空气中的声速主要受______的影响，温度越高，声速越大。,,,,,温度,1.0,填写影响因素,空气中的声速与温度的关系为v=331.45√(1+T/273.15) m/s，其中T为摄氏温度，温度越高，声速越大。,声速测量;声速影响因素;温度,实验讲义PDF,,,,
qE001,choice,用静态拉伸法测量材料的弹性模量,光杠杆,2,光杠杆放大法中，微小伸长量ΔL与标尺位移Δx的关系为：,ΔL=b·Δx/D,ΔL=b·Δx/(2D),ΔL=2b·Δx/D,ΔL=D·Δx/b,B,,,放大倍数β=2D/b，故ΔL=b·Δx/(2D)。b为光杠杆前后足间距，D为镜面到标尺距离。,光杠杆;放大公式;ΔL=bΔx/(2D),实验讲义PDF,,,,
qE002,choice,用静态拉伸法测量材料的弹性模量,望远镜调焦,1,调节望远镜时，正确的调焦顺序是：,先调物镜看清标尺像，再调目镜看清十字叉丝,先调目镜看清十字叉丝，再调物镜看清标尺像,只调物镜即可,只调目镜即可,B,,,必须先调目镜使十字叉丝清晰（固定目镜焦距），再调物镜使标尺像清晰。顺序颠倒则叉丝和标尺无法同时清晰。,望远镜调焦;先目镜后物镜;操作顺序,实验讲义PDF,,,,
qE003,fill,用静态拉伸法测量材料的弹性模量,杨氏模量,2,杨氏模量Y的计算公式中，直径d的幂指数为______，其灵敏系数的绝对值为______。,,,,,-2||2,1.0,填写数值,Y∝1/d2，lnY中-2lnd的系数为-2，传递时灵敏系数取绝对值2，贡献为(2ur(d))2，放大4倍。,杨氏模量;直径幂指数;-2,实验讲义PDF,,,,
qE004,choice,用静态拉伸法测量材料的弹性模量,逐差法,3,对于逐差法处理杨氏模量数据，说法正确的是：,逐差法比最小二乘法更精确,逐差法仅适用于等间距加力且线性关系的数据,逐差法可以替代最小二乘法完成不确定度评定,逐差法不需要自变量等间距,B,,,逐差法要求自变量等间距和线性关系。但拉伸法实验中推荐使用最小二乘法，因为它使用全部数据点并能给出不确定度。,逐差法;等间距;最小二乘法对比,实验讲义PDF,,,,
qE005,fill,用静态拉伸法测量材料的弹性模量,预拉力,1,拉伸法测杨氏模量实验中，给金属丝施加预拉力30.0N的主要目的是______。,,,,,消除金属丝的弯曲，使之伸直,1.0,填写目的,预拉力30N使金属丝从弯曲状态变直，确保后续加载过程中应力-应变关系从弹性区起点开始。保护金属丝在弹性范围内工作。,预拉力;30N;金属丝伸直,实验讲义PDF,,,,
qO001,choice,数字存储示波器的使用,示波器原理,2,示波器的核心功能是：,测量电信号的频率,测量电信号的幅度,显示电信号随时间变化的波形,测量电信号的相位差,C,,,示波器的核心功能是将电信号转换为可视化的波形，显示电信号随时间变化的规律，在此基础上可以测量频率、幅度、相位差等参数。,示波器;核心功能;波形显示,实验讲义PDF,,,,
qO002,choice,数字存储示波器的使用,仪器操作,1,使用示波器时，首先要进行的操作是：,接入被测信号,调节垂直灵敏度,示波器自检和校准,调节水平扫描速度,C,,,使用示波器的第一步是进行自检和校准，确保示波器的垂直和水平通道的增益、扫描速度等参数准确，避免测量误差。,示波器;自检;校准,实验讲义PDF,,,,
qO003,fill,数字存储示波器的使用,参数测量,2,用示波器测量正弦信号的频率时，若测得信号的周期为T，则频率f的计算公式为______。,,,,,f=1/T,1.0,填写公式,频率是周期的倒数，即f=1/T，其中T为信号的周期，单位为秒，f的单位为赫兹。,示波器;频率测量;f=1/T,实验讲义PDF,,,,
qO004,choice,数字存储示波器的使用,触发方式,3,为了稳定显示周期性信号，示波器应选择的触发方式是：,自动触发,正常触发,单次触发,以上都可以,B,,,正常触发模式下，示波器仅在满足触发条件时才进行扫描，对于周期性信号，每次扫描的起点都相同，因此可以稳定显示波形；自动触发模式在没有触发信号时也会扫描，波形会不稳定；单次触发仅捕获一次波形。,示波器;触发方式;正常触发;波形稳定,实验讲义PDF,,,,
qO005,fill,数字存储示波器的使用,垂直灵敏度,1,示波器的垂直灵敏度单位是______，表示屏幕上每一格对应的电压值。,,,,,V/div,1.0,填写单位,示波器的垂直灵敏度单位是V/div（伏每格），表示屏幕上垂直方向每一格对应的电压值，调节垂直灵敏度可以改变波形的显示幅度。,示波器;垂直灵敏度;V/div,实验讲义PDF,,,,
qF001,choice,分光计的调整及使用,分光计结构,2,分光计的核心组成部分包括：,望远镜、平行光管、载物台、读数装置,望远镜、显微镜、载物台、读数装置,平行光管、狭缝、载物台、读数装置,望远镜、平行光管、光源、读数装置,A,,,分光计的核心组成部分包括望远镜（观察和定位光线）、平行光管（产生平行光）、载物台（放置光学元件）和读数装置（测量角度）。,分光计;核心结构;望远镜;平行光管,实验讲义PDF,,,,
qF002,choice,分光计的调整及使用,仪器调节,1,分光计调节的第一步是：,调节平行光管,调节望远镜聚焦于无穷远,调节载物台水平,调节狭缝宽度,B,,,分光计调节的第一步是调节望远镜，使其聚焦于无穷远，能够清晰观察平行光，这是后续调节的基础。,分光计;调节顺序;望远镜聚焦,实验讲义PDF,,,,
qF003,fill,分光计的调整及使用,角度测量,2,分光计的读数装置中，主尺的最小刻度为0.5°，游标尺的最小刻度为______。,,,,,1',1.0,填写刻度值,分光计的游标尺通常为30分度，主尺最小刻度为0.5°（30'），因此游标尺的最小刻度为30'/30=1'。,分光计;读数装置;游标尺;1',实验讲义PDF,,,,
qF004,choice,分光计的调整及使用,平行光管调节,3,调节平行光管时，正确的操作是：,调节狭缝宽度，使狭缝像最宽,调节平行光管的焦距，使狭缝像清晰地成在望远镜的焦平面上,调节平行光管的俯仰，使狭缝像与望远镜的十字叉丝重合,以上都是,B,,,调节平行光管的核心是调节其焦距，使狭缝发出的光经过平行光管后成为平行光，此时狭缝像会清晰地成在望远镜的焦平面上；狭缝宽度应调节到合适的大小，不是越宽越好；俯仰调节是为了使平行光管的光轴与望远镜的光轴同轴，不是与十字叉丝重合。,分光计;平行光管调节;焦距;平行光,实验讲义PDF,,,,
qF005,fill,分光计的调整及使用,载物台调节,1,调节载物台水平时，通常使用______法，使载物台的三个调节螺丝分别对应两个垂直的方向。,,,,,逐次逼近,1.0,填写方法名称,调节载物台水平时，通常使用逐次逼近法，先调节两个螺丝使一个方向水平，再调节第三个螺丝使另一个垂直的方向水平，反复调节直到载物台完全水平。,分光计;载物台调节;逐次逼近法,实验讲义PDF,,,,
qT001,choice,大学物理实验理论课,测量误差,2,测量误差分为系统误差和随机误差，下列关于系统误差的说法正确的是：,系统误差是由偶然因素引起的，不可避免,系统误差可以通过多次测量取平均值来消除,系统误差是由测量仪器、方法、环境等固定因素引起的，具有确定性,系统误差的大小和方向都是随机变化的,C,,,系统误差是由测量仪器的精度、测量方法的不完善、环境因素的固定影响等引起的，具有确定性和可重复性，不能通过多次测量取平均值来消除；随机误差是由偶然因素引起的，大小和方向随机变化，可以通过多次测量取平均值来减小。,测量误差;系统误差;随机误差,实验讲义PDF,,,,
qT002,choice,大学物理实验理论课,有效数字,1,下列关于有效数字的说法正确的是：,有效数字的位数越多，测量结果越精确,有效数字的位数与测量仪器的精度无关,有效数字的最后一位是不确定的，是估读位,有效数字的位数越多，测量结果的误差越大,C,,,有效数字是指在测量中能够准确读取的数字，最后一位是估读的，是不确定的；有效数字的位数反映了测量仪器的精度，位数越多，测量结果越精确，误差越小。,有效数字;估读位;测量精度,实验讲义PDF,,,,
qT003,fill,大学物理实验理论课,不确定度,2,测量结果的不确定度分为A类不确定度和B类不确定度，A类不确定度是由______引起的，用统计方法计算。,,,,,随机误差,1.0,填写误差类型,A类不确定度是由随机误差引起的，通过对多次测量结果进行统计分析来计算，通常用标准偏差来表示；B类不确定度是由系统误差引起的，通过非统计方法来估算。,不确定度;A类不确定度;随机误差,实验讲义PDF,,,,
qT004,choice,大学物理实验理论课,数据处理,3,对于线性关系的实验数据，下列哪种数据处理方法可以得到最精确的拟合结果？,逐差法,最小二乘法,作图法,平均值法,B,,,最小二乘法是一种基于统计理论的线性拟合方法，它通过最小化残差的平方和来确定拟合直线的参数，能够充分利用所有的测量数据，得到最精确的拟合结果，同时可以给出拟合参数的不确定度；逐差法仅适用于等间距的线性数据，作图法和平均值法的精度都低于最小二乘法。,数据处理;线性拟合;最小二乘法,实验讲义PDF,,,,
qT005,fill,大学物理实验理论课,实验报告,1,一份完整的大学物理实验报告通常包括实验名称、实验目的、实验原理、实验仪器、实验内容与步骤、______、实验结论与讨论等部分。,,,,,数据处理与结果分析,1.0,填写报告部分,实验报告的核心部分是数据处理与结果分析，这部分需要对实验中测得的数据进行整理、计算、拟合和不确定度分析，是得出实验结论的基础。,实验报告;数据处理;结果分析,实验讲义PDF,,,,
qMS001,choice,力学传感器及其应用,传感器原理,2,力学传感器的核心功能是：,将力学量转换为电信号,将电信号转换为力学量,测量电信号的大小,测量力学量的大小,A,,,力学传感器是一种换能器，其核心功能是将力、压力、扭矩、加速度等力学量转换为可测量的电信号，从而实现力学量的电测。,力学传感器;换能器;力学量转电信号,实验讲义PDF,,,,
qMS002,choice,力学传感器及其应用,应变片,1,电阻应变片的工作原理是基于：,压电效应,电阻应变效应,热电效应,电磁感应,B,,,电阻应变片的工作原理是电阻应变效应，即导体或半导体的电阻值随其机械变形（应变）的大小而发生变化的现象。,电阻应变片;应变效应;工作原理,实验讲义PDF,,,,
qMS003,fill,力学传感器及其应用,灵敏度,2,力学传感器的灵敏度是指______与______的比值，反映了传感器对力学量变化的响应能力。,,,,,输出电信号变化量;输入力学量变化量,1.0,填写定义,传感器的灵敏度S=Δy/Δx，其中Δy是输出电信号的变化量，Δx是输入力学量的变化量，灵敏度越高，传感器对微小的力学量变化越敏感。,力学传感器;灵敏度;定义,实验讲义PDF,,,,
qMS004,choice,力学传感器及其应用,电桥电路,3,应变片式力学传感器通常采用惠斯通电桥电路，其主要目的是：,提高传感器的灵敏度,补偿温度变化引起的零点漂移,将应变片的电阻变化转换为电压信号,以上都是,D,,,惠斯通电桥电路可以将应变片的微小电阻变化转换为可测量的电压信号；通过采用差动电桥结构，可以提高传感器的灵敏度；同时，通过在相邻桥臂接入相同的应变片，可以补偿温度变化引起的零点漂移，减小测量误差。,力学传感器;惠斯通电桥;灵敏度;温度补偿,实验讲义PDF,,,,
qMS005,fill,力学传感器及其应用,校准,1,力学传感器使用前必须进行______，以确定传感器的输入力学量与输出电信号之间的对应关系，消除系统误差。,,,,,校准,1.0,填写操作名称,校准是传感器使用前的必要步骤，通过输入已知的标准力学量，测量对应的输出电信号，建立输入与输出的校准曲线，从而可以根据输出信号准确计算出被测力学量的大小，消除系统误差。,力学传感器;校准;系统误差,实验讲义PDF,,,,
qH001,choice,光学全息实验,全息原理,2,光学全息术的核心原理是：,光的干涉和衍射,光的反射和折射,光的偏振和色散,光的吸收和散射,A,,,光学全息术分为记录和再现两个过程，记录过程利用光的干涉，将物体光波的振幅和相位信息以干涉条纹的形式记录在全息干板上；再现过程利用光的衍射，通过参考光照射全息图，再现出物体的三维光波。,光学全息;干涉;衍射;全息原理,实验讲义PDF,,,,
qH002,choice,光学全息实验,全息记录,1,在全息记录过程中，需要用到的两束相干光是：,物光和参考光,入射光和反射光,透射光和衍射光,o光和e光,A,,,全息记录过程中，激光束被分为两束，一束照射物体，经物体反射或透射后成为物光，携带物体的振幅和相位信息；另一束直接照射全息干板，作为参考光；两束光在全息干板上发生干涉，形成干涉条纹，记录下物光的全部信息。,全息记录;物光;参考光;相干光,实验讲义PDF,,,,
qH003,fill,光学全息实验,全息再现,2,全息再现过程中，用______照射全息图，就可以再现出物体的三维虚像。,,,,,参考光,1.0,填写光的名称,全息图上的干涉条纹相当于一个复杂的光栅，当用记录时的参考光照射全息图时，会发生衍射，其中+1级衍射光会再现出与原物光完全相同的光波，从而可以观察到物体的三维虚像。,全息再现;参考光;三维虚像,实验讲义PDF,,,,
qH004,choice,光学全息实验,全息特点,3,下列关于光学全息的特点，说法错误的是：,全息图可以再现出物体的三维立体像，具有视差效应,全息图的每一部分都可以再现出整个物体的像,全息图的再现像的亮度和清晰度与参考光的强度无关,一张全息干板可以记录多个不同物体的全息图,C,,,全息图的再现像的亮度与参考光的强度成正比，参考光强度越大，再现像越亮；而再现像的清晰度与全息图的分辨率、记录过程的稳定性等因素有关，与参考光强度无关。其他选项都是光学全息的正确特点。,光学全息;全息特点;三维像;视差效应,实验讲义PDF,,,,
qH005,fill,光学全息实验,实验要求,1,全息记录过程中，必须保证整个光学系统的______，否则会导致干涉条纹模糊，无法记录清晰的全息图。,,,,,稳定性,1.0,填写系统要求,全息记录的是微米级的干涉条纹，实验过程中，光学系统的任何微小振动、位移都会导致干涉条纹的移动和模糊，因此必须保证整个光学系统的稳定性，通常需要在防震光学平台上进行实验。,光学全息;系统稳定性;防震平台,实验讲义PDF,,,,
qPE001,choice,光电效应实验,光电效应原理,2,光电效应的爱因斯坦方程为：,hν=W?+E_k,hν=W?-E_k,E_k=hν+W?,W?=hν+E_k,A,,,爱因斯坦的光电效应方程为hν=W?+E_k，其中hν是入射光子的能量，W?是金属的逸出功，E_k是光电子的最大初动能。该方程成功解释了光电效应的所有实验规律。,光电效应;爱因斯坦方程;hν=W?+E_k,实验讲义PDF,,,,
qPE002,choice,光电效应实验,截止频率,1,关于光电效应的截止频率，下列说法正确的是：,截止频率与入射光的强度有关,截止频率与金属的逸出功有关,只要入射光的频率高于截止频率，无论光强多弱，都会产生光电效应,B和C都正确,D,,,截止频率ν?=W?/h，与金属的逸出功W?有关，不同金属的截止频率不同；只要入射光的频率高于截止频率，光子的能量就大于金属的逸出功，无论光强多弱，都会产生光电效应，这是光电效应的瞬时性和频率选择性的体现。,光电效应;截止频率;逸出功,实验讲义PDF,,,,
qPE003,fill,光电效应实验,普朗克常数,2,在光电效应实验中，通过测量不同频率入射光对应的______，可以计算出普朗克常数h。,,,,,截止电压,1.0,填写测量量,光电子的最大初动能E_k=eU_c，其中U_c是截止电压，代入爱因斯坦方程得hν=W?+eU_c，即U_c=(h/e)ν - W?/e，U_c与ν成线性关系，通过测量不同频率ν对应的U_c，拟合直线的斜率k=h/e，从而可以计算出普朗克常数h=ke。,光电效应;普朗克常数;截止电压,实验讲义PDF,,,,
qPE004,choice,光电效应实验,光电流,3,在光电效应实验中，饱和光电流的大小与下列哪个因素有关？,入射光的频率,入射光的强度,金属的逸出功,截止电压,B,,,饱和光电流是指当反向电压为零时，光电流达到的最大值，其大小与入射光的强度成正比，入射光强度越大，单位时间内入射的光子数越多，产生的光电子数也越多，饱和光电流就越大；入射光的频率决定了光电子的最大初动能，与饱和光电流无关；金属的逸出功决定了截止频率，与饱和光电流无关；截止电压是使光电流为零的反向电压，与饱和光电流无关。,光电效应;饱和光电流;入射光强度,实验讲义PDF,,,,
qPE005,fill,光电效应实验,实验意义,1,光电效应实验的重要意义是验证了光的______性，为量子理论的建立奠定了重要的实验基础。,,,,,粒子,1.0,填写光的性质,在光电效应实验之前，人们普遍认为光只具有波动性，而光电效应实验的所有规律都无法用经典的波动理论来解释，必须用光的粒子性来解释，即光是由一个个具有能量的光子组成的，这一实验验证了光的波粒二象性，为量子理论的建立奠定了重要的实验基础。,光电效应;光的粒子性;波粒二象性;量子理论,实验讲义PDF,,,,
qM001,choice,铁磁材料磁滞回线的观测,磁滞现象,2,铁磁材料的磁滞现象是指：,磁感应强度B的变化滞后于磁场强度H的变化,磁场强度H的变化滞后于磁感应强度B的变化,磁感应强度B与磁场强度H成正比,磁感应强度B与磁场强度H无关,A,,,铁磁材料的磁滞现象是指，当磁场强度H发生变化时，磁感应强度B的变化总是滞后于H的变化，这种现象称为磁滞，是铁磁材料的重要特性之一。,铁磁材料;磁滞现象;B-H曲线,实验讲义PDF,,,,
qM002,choice,铁磁材料磁滞回线的观测,磁滞回线,1,铁磁材料的磁滞回线是______的闭合曲线。,磁感应强度B随磁场强度H变化,磁场强度H随磁感应强度B变化,磁化强度M随磁场强度H变化,磁化率χ随磁场强度H变化,A,,,磁滞回线是指铁磁材料在交变磁场中，磁感应强度B随磁场强度H变化而形成的闭合曲线，它反映了铁磁材料的磁化特性，包括剩磁、矫顽力、饱和磁感应强度等重要参数。,铁磁材料;磁滞回线;B-H曲线,实验讲义PDF,,,,
qM003,fill,铁磁材料磁滞回线的观测,剩磁,2,当铁磁材料的磁场强度H减小到零时，磁感应强度B并不为零，此时的磁感应强度值称为______。,,,,,剩磁,1.0,填写参数名称,剩磁（剩余磁感应强度）是指铁磁材料在磁化后，当磁场强度H减小到零时，仍然保留的磁感应强度，用B_r表示，是铁磁材料的重要磁性参数之一。,铁磁材料;剩磁;剩余磁感应强度,实验讲义PDF,,,,
qM004,choice,铁磁材料磁滞回线的观测,矫顽力,3,为了使铁磁材料的磁感应强度B减小到零，需要施加的反向磁场强度值称为：,剩磁,矫顽力,饱和磁感应强度,磁化率,B,,,矫顽力是指当铁磁材料的磁感应强度B减小到零时，需要施加的反向磁场强度的大小，用H_c表示，它反映了铁磁材料保持剩磁的能力，是区分硬磁材料和软磁材料的重要参数。,铁磁材料;矫顽力;硬磁材料;软磁材料,实验讲义PDF,,,,
qM005,fill,铁磁材料磁滞回线的观测,磁滞损耗,1,铁磁材料在交变磁场中反复磁化时，会产生能量损耗，这种损耗称为______，其大小与磁滞回线的面积成正比。,,,,,磁滞损耗,1.0,填写损耗名称,磁滞损耗是铁磁材料在交变磁场中反复磁化时，由于磁滞现象而产生的能量损耗，它会使材料发热，磁滞回线的面积越大，磁滞损耗就越大，这是变压器、电机等铁芯发热的重要原因之一。,铁磁材料;磁滞损耗;磁滞回线面积,实验讲义PDF,,,,
qPS001,choice,光敏元件的光电特性研究,光电效应,2,光敏元件的工作原理是基于：,内光电效应,外光电效应,热电效应,电磁感应,A,,,光敏元件的工作原理是内光电效应，即当光照射到半导体材料上时，材料内部的电子吸收光子的能量，从价带跃迁到导带，产生电子-空穴对，从而使材料的电导率发生变化，或产生光生电动势。,光敏元件;内光电效应;半导体;光生载流子,实验讲义PDF,,,,
qPS002,choice,光敏元件的光电特性研究,光敏电阻,1,光敏电阻的特性是：,光照越强，电阻值越大,光照越强，电阻值越小,电阻值与光照强度无关,光照越强，电阻值先增大后减小,B,,,光敏电阻是基于内光电效应的光敏元件，当光照射到光敏电阻上时，材料内部产生的光生载流子越多，材料的电导率就越大，电阻值就越小，因此光敏电阻的电阻值随光照强度的增大而减小。,光敏电阻;内光电效应;电阻值;光照强度,实验讲义PDF,,,,
qPS003,fill,光敏元件的光电特性研究,光电二极管,2,光电二极管在使用时，通常需要加______偏置电压，以提高其响应速度和灵敏度。,,,,,反向,1.0,填写偏置类型,光电二极管是基于光生伏特效应的光敏元件，当加反向偏置电压时，反向饱和电流随光照强度的增大而增大，且反向偏置可以减小结电容，提高光电二极管的响应速度和灵敏度，因此光电二极管通常在反向偏置状态下使用。,光电二极管;反向偏置;响应速度;灵敏度,实验讲义PDF,,,,
qPS004,choice,光敏元件的光电特性研究,光电特性,3,下列关于光敏元件的光电特性，说法错误的是：,光敏元件的响应时间越短，对光信号的变化响应越快,光敏元件的灵敏度越高，对微弱光信号的检测能力越强,光敏元件的线性度越好，输出电信号与光照强度的线性关系越差,光敏元件的暗电流越小，在无光照时的输出噪声越小,C,,,线性度是衡量光敏元件输出电信号与光照强度线性关系的指标，线性度越好，输出与输入的线性关系越好，测量误差越小；其他选项都是光敏元件光电特性的正确描述。,光敏元件;光电特性;线性度;灵敏度;响应时间,实验讲义PDF,,,,
qPS005,fill,光敏元件的光电特性研究,光谱特性,1,光敏元件的光谱特性是指其灵敏度随______的变化关系，不同的光敏元件对不同波长的光的响应灵敏度不同。,,,,,入射光波长,1.0,填写变量,光谱特性是光敏元件的重要特性之一，它描述了光敏元件的灵敏度随入射光波长的变化关系，不同的半导体材料制成的光敏元件，其光谱响应范围不同，例如硅基光敏元件的响应范围主要在可见光和近红外光区。,光敏元件;光谱特性;入射光波长;响应范围,实验讲义PDF,,,,
qC001,choice,电学混沌及其在保密通信中的应用,混沌现象,2,混沌现象的核心特征是：,确定性系统中的随机行为,随机系统中的确定性行为,线性系统中的周期行为,非线性系统中的平衡行为,A,,,"混沌现象是指在确定性的非线性系统中，出现的貌似随机、不可预测的行为，它对初始条件具有极度的敏感性，即初始条件的微小变化会导致系统行为的巨大差异，也就是所谓的""蝴蝶效应""。",混沌现象;确定性系统;非线性;蝴蝶效应,实验讲义PDF,,,,
qC002,choice,电学混沌及其在保密通信中的应用,混沌电路,1,下列哪个电路是典型的电学混沌电路？,RC振荡电路,LC振荡电路,蔡氏电路,整流滤波电路,C,,,蔡氏电路是由蔡少棠教授于1983年提出的，是第一个能够产生混沌现象的自治非线性电子电路，它由一个线性电感、两个线性电容、一个线性电阻和一个非线性电阻（蔡氏二极管）组成，是电学混沌实验中最常用的电路之一。,混沌电路;蔡氏电路;非线性电路,实验讲义PDF,,,,
qC003,fill,电学混沌及其在保密通信中的应用,混沌同步,2,混沌同步是指两个或多个混沌系统在一定的耦合条件下，它们的______随时间的演化趋于一致的现象。,,,,,状态变量,1.0,填写系统变量,混沌同步是混沌应用的基础，它是指两个或多个结构相同或相似的混沌系统，在一定的耦合作用下，它们的状态变量随时间的演化趋于一致，即使系统的初始条件不同，也能实现同步，这一特性被广泛应用于混沌保密通信中。,混沌同步;状态变量;耦合系统,实验讲义PDF,,,,
qC004,choice,电学混沌及其在保密通信中的应用,混沌保密通信,3,混沌保密通信的核心原理是：,利用混沌信号的不可预测性，将信息信号隐藏在混沌信号中进行传输,利用混沌信号的周期性，将信息信号调制到混沌信号上进行传输,利用混沌信号的线性特性，将信息信号与混沌信号叠加进行传输,利用混沌信号的可预测性，将信息信号编码到混沌信号中进行传输,A,,,混沌保密通信的核心原理是，利用混沌信号的确定性、不可预测性、对初始条件的敏感性等特性，将需要传输的信息信号通过混沌调制、混沌掩盖等方式，隐藏在混沌信号中进行传输，在接收端通过混沌同步技术，从混沌信号中恢复出原始的信息信号，实现保密通信。,混沌保密通信;混沌掩盖;混沌调制;混沌同步,实验讲义PDF,,,,
qC005,fill,电学混沌及其在保密通信中的应用,李雅普诺夫指数,1,______是衡量混沌系统对初始条件敏感性的重要指标，当该指标大于零时，系统表现出混沌行为。,,,,,李雅普诺夫指数,1.0,填写指标名称,李雅普诺夫指数是描述混沌系统动力学特性的重要指标，它衡量了系统中相邻轨道的平均指数发散率，当系统的最大李雅普诺夫指数大于零时，说明系统对初始条件具有敏感性，相邻轨道会随时间指数发散，系统表现出混沌行为。,混沌系统;李雅普诺夫指数;初始条件敏感性,实验讲义PDF,,,,
qE001,choice,用模拟法测绘静电场,模拟法原理,2,用模拟法测绘静电场的核心原理是：,静电场和恒定电流场的数学规律相似,静电场和磁场的数学规律相似,静电场和交变电场的数学规律相似,静电场和引力场的数学规律相似,A,,,静电场和恒定电流场都遵循高斯定理和环路定理，在均匀介质中，它们的电势分布都满足拉普拉斯方程，数学规律完全相似，因此可以用容易测量的恒定电流场来模拟难以测量的静电场，这就是模拟法测绘静电场的核心原理。,模拟法;静电场;恒定电流场;拉普拉斯方程,实验讲义PDF,,,,
qE002,choice,用模拟法测绘静电场,实验装置,1,在模拟法测绘静电场实验中，用来模拟静电场中电极的是：,绝缘材料制成的电极,导电材料制成的电极,半导体材料制成的电极,以上都可以,B,,,在模拟法实验中，需要用导电材料制成的电极，放在导电介质中，接在电源上，形成恒定电流场，来模拟静电场中的带电导体电极，因为只有导电电极才能在导电介质中形成稳定的恒定电流场。,模拟法;静电场;电极;导电材料,实验讲义PDF,,,,
qE003,fill,用模拟法测绘静电场,等势线,2,在静电场中，电场强度的方向总是与等势线______，且由高电势指向低电势。,,,,,垂直,1.0,填写位置关系,在静电场中，电场强度E与电势U的关系为E=-?U，即电场强度的方向是电势降低最快的方向，因此电场强度的方向总是与等势线垂直，且由高电势指向低电势。,静电场;等势线;电场强度;垂直,实验讲义PDF,,,,
qE004,choice,用模拟法测绘静电场,电场线,3,下列关于电场线的说法，错误的是：,电场线的切线方向表示该点的电场强度方向,电场线的疏密程度表示该点的电场强度大小,电场线可以相交,电场线起始于正电荷，终止于负电荷,C,,,电场线的切线方向表示该点的电场强度方向，如果两条电场线相交，那么在交点处就会有两个切线方向，即该点的电场强度有两个方向，这是不可能的，因此电场线永远不会相交；其他选项都是电场线的正确性质。,静电场;电场线;电场强度;相交,实验讲义PDF,,,,
qE005,fill,用模拟法测绘静电场,实验要求,1,在模拟法测绘静电场实验中，为了保证测量的准确性，必须保证导电介质的______均匀，且电极与导电介质接触良好。,,,,,电导率,1.0,填写介质参数,模拟法的前提是恒定电流场的分布与静电场相似，这就要求导电介质的电导率必须均匀，否则恒定电流场的分布会发生畸变，无法准确模拟静电场；同时，电极与导电介质必须接触良好，避免接触电阻影响电流场的分布。,模拟法;静电场;导电介质;电导率,实验讲义PDF,,,,
qM006,choice,迈克尔孙干涉仪实验,干涉条纹移动,2,在迈克尔孙干涉仪实验中，若观察到干涉条纹整体向视场中心收缩，说明动镜的移动方向是：,靠近分束镜,远离分束镜,向上移动,向下移动,A,,,当条纹向中心收缩时，说明两束光的光程差减小，动镜向分束镜方向移动，光程差减小，条纹向中心收缩。,迈克尔孙干涉仪;条纹移动;动镜移动方向,实验讲义PDF,,,,
qM007,choice,迈克尔孙干涉仪实验,补偿镜作用,3,迈克尔孙干涉仪中补偿镜的主要作用是：,提高激光的亮度,补偿两束光在玻璃中的光程差,过滤掉杂散光,调整激光的偏振方向,B,,,补偿镜与分束镜的厚度和折射率完全相同，用于补偿两束相干光在玻璃介质中传播的光程差，确保两束光的光程差仅由空气路径决定。,迈克尔孙干涉仪;补偿镜;光程差补偿,实验讲义PDF,,,,
qM008,fill,迈克尔孙干涉仪实验,条纹移动数,2,在迈克尔孙干涉仪实验中，动镜移动距离为0.5mm，激光波长为632.8nm，则观察到的干涉条纹移动数约为______。,,,,,1580,1.0,填写整数,根据公式d = N·(λ/2)，N = 2d/λ = 2*0.5e-3m / 632.8e-9m ≈ 1580。,迈克尔孙干涉仪;条纹移动数;波长计算,实验讲义PDF,,,,
qM009,choice,迈克尔孙干涉仪实验,等厚干涉,3,当迈克尔孙干涉仪的定镜和动镜不严格垂直，存在微小夹角时，观察到的干涉条纹是：,等倾干涉同心圆环,等厚干涉平行直条纹,双曲线形条纹,无规则条纹,B,,,当定镜和动镜存在微小夹角时，两束光的光程差随位置线性变化，形成等厚干涉的平行直条纹。,迈克尔孙干涉仪;等厚干涉;平行直条纹,实验讲义PDF,,,,
qM010,fill,迈克尔孙干涉仪实验,分束镜,1,迈克尔孙干涉仪的分束镜的核心作用是将一束入射光分为两束______相同的相干光。,,,,,强度,1.0,填写光学特性,分束镜的作用是将入射光分为两束强度相等的相干光，分别射向定镜和动镜，保证两束光的干涉对比度。,迈克尔孙干涉仪;分束镜;相干光,实验讲义PDF,,,,
qG006,choice,光栅衍射实验,衍射条纹,2,在光栅衍射实验中，下列关于衍射主极大条纹的描述正确的是：,级次越高，条纹越亮,级次越高，条纹间距越小,级次越高，条纹越窄,级次越高，条纹越宽,C,,,根据光栅衍射的特点，衍射级次越高，主极大条纹的角宽度越小，条纹越细越窄，亮度也会随级次升高而降低。,光栅衍射;主极大条纹;级次;条纹宽度,实验讲义PDF,,,,
qG007,choice,光栅衍射实验,光栅调节,1,在光栅衍射实验中，调节光栅平面与分光计主轴垂直的正确操作是：,只调节望远镜的俯仰螺丝,只调节平行光管的俯仰螺丝,调节载物台的调平螺丝,调节光栅的夹持螺丝,C,,,光栅平面与分光计主轴垂直的调节，需要通过调节载物台的调平螺丝，使光栅平面的法线与分光计主轴重合。,光栅衍射;光栅调节;载物台调平,实验讲义PDF,,,,
qG008,fill,光栅衍射实验,衍射角,2,用波长为500nm的光垂直入射到光栅常数为1μm的光栅上，第1级主极大的衍射角约为______度。,,,,,30,1.0,填写整数,根据光栅方程d·sinθ=kλ，sinθ=kλ/d=1*500e-9m/1e-6m=0.5，θ=30°。,光栅衍射;衍射角;光栅方程,实验讲义PDF,,,,
qG009,choice,光栅衍射实验,缺级现象,3,在光栅衍射实验中，若光栅的缝宽a与光栅常数d满足d=3a，则会出现缺级的级次是：,"±1,±2,±3...","±3,±6,±9...","±1,±3,±5...","±2,±4,±6...",B,,,"光栅衍射缺级的条件是d/a=k/k'，其中k为缺级的主极大级次，k'为单缝衍射的暗纹级次。当d=3a时，k=3k'，即±3,±6,±9...级次缺级。",光栅衍射;缺级现象;光栅常数;缝宽,实验讲义PDF,,,,
qG010,fill,光栅衍射实验,单缝衍射,1,光栅衍射的基础是单缝衍射和多缝______的叠加。,,,,,干涉,1.0,填写光学现象,光栅衍射是单缝衍射调制下的多缝干涉现象，每个缝的衍射光之间会发生干涉，形成主极大和极小条纹。,光栅衍射;单缝衍射;多缝干涉,实验讲义PDF,,,,
qP006,choice,光的偏振实验,偏振片作用,1,光的偏振实验中，偏振片的核心作用是：,提高光的亮度,产生线偏振光,改变光的波长,聚焦光线,B,,,偏振片只允许沿某一特定方向振动的光通过，从而将自然光转化为线偏振光，是偏振实验中最基础的元件。,光的偏振;偏振片;线偏振光,实验讲义PDF,,,,
qP007,choice,光的偏振实验,马吕斯定律,2,根据马吕斯定律，强度为I0的线偏振光入射到偏振片上，若偏振光的振动方向与偏振片的透振方向夹角为60°，则出射光的强度为：,I0/2,I0/4,3I0/4,I0/8,B,,,马吕斯定律的表达式为I=I0·cos2θ，其中θ为入射光振动方向与偏振片透振方向的夹角。当θ=60°时，cos260°=(1/2)2=1/4，因此I=I0/4。,光的偏振;马吕斯定律;出射光强度,实验讲义PDF,,,,
qP008,fill,光的偏振实验,布儒斯特定律,2,当自然光从空气入射到折射率为1.5的玻璃表面时，布儒斯特角约为______度。,,,,,56.3,1.0,填写数值,布儒斯特定律的表达式为tanθB=n2/n1，其中n1为入射介质折射率，n2为折射介质折射率。空气折射率n1=1，玻璃n2=1.5，因此tanθB=1.5，θB=arctan(1.5)≈56.3°。,光的偏振;布儒斯特定律;布儒斯特角,实验讲义PDF,,,,
qP009,choice,光的偏振实验,波片作用,3,在光的偏振实验中，1/4波片的主要作用是：,将线偏振光转化为圆偏振光,将圆偏振光转化为线偏振光,改变光的振动方向,提高光的偏振度,A,,,1/4波片可以使沿光轴和垂直光轴方向振动的两束线偏振光产生π/2的相位差，从而将线偏振光转化为圆偏振光（当入射光振动方向与光轴夹角为45°时）。,光的偏振;1/4波片;圆偏振光,实验讲义PDF,,,,
qP010,fill,光的偏振实验,偏振态,1,自然光的偏振态是______偏振，其各个方向的振动振幅相等。,,,,,无,1.0,填写偏振类型,自然光属于无偏振光，其光矢量在垂直于传播方向的平面内各个方向均匀分布，没有固定的振动方向。,光的偏振;自然光;无偏振,实验讲义PDF,,,,
qD006,choice,直流电桥实验,电桥平衡,1,直流电桥实验中，电桥达到平衡的条件是：,对臂电阻的乘积相等,相邻臂电阻的乘积相等,对臂电阻的和相等,相邻臂电阻的和相等,A,,,直流电桥（惠斯通电桥）的平衡条件是对臂电阻的乘积相等，即R1·R3=R2·Rx，其中Rx为待测电阻。,直流电桥;电桥平衡;惠斯通电桥,实验讲义PDF,,,,
qD007,choice,直流电桥实验,检流计作用,2,直流电桥实验中，检流计的主要作用是：,测量电路中的总电流,判断电桥是否达到平衡,调节电桥的平衡状态,提高电桥的测量精度,B,,,检流计是一种高灵敏度的电流计，用于检测电桥平衡时的微小电流，当检流计示数为零时，说明电桥达到了平衡状态。,直流电桥;检流计;电桥平衡判断,实验讲义PDF,,,,
qD008,fill,直流电桥实验,电阻测量,2,在惠斯通电桥实验中，已知比例臂R1=100Ω，R2=1000Ω，比较臂R3=500Ω，则待测电阻Rx的阻值为______Ω。,,,,,50,1.0,填写整数,根据电桥平衡条件R1·R3=R2·Rx，Rx=(R1·R3)/R2=(100Ω·500Ω)/1000Ω=50Ω。,直流电桥;惠斯通电桥;待测电阻计算,实验讲义PDF,,,,
qD009,choice,直流电桥实验,比例臂选择,3,在直流电桥实验中，为了提高测量精度，比例臂的选择原则是：,比例臂的比值越大越好,比例臂的比值越小越好,使比较臂的有效位数最多,使检流计的电流最大,C,,,比例臂的选择应使比较臂的有效位数最多，从而减小测量的相对误差，提高测量精度。通常根据待测电阻的大致阻值选择合适的比例臂比值。,直流电桥;比例臂;测量精度,实验讲义PDF,,,,
qD010,fill,直流电桥实验,电桥类型,1,本实验中使用的直流电桥，又称为______电桥，是最常用的直流电阻测量仪器。,,,,,惠斯通,1.0,填写人名,本实验使用的直流电桥为惠斯通电桥，由英国科学家惠斯通发明，是直流电阻测量中最经典、最常用的仪器。,直流电桥;惠斯通电桥;电阻测量,实验讲义PDF,,,,
qS006,choice,声速的测量,声速公式,1,在标准大气压下，空气中的声速v与温度t的关系公式是：,v=331+0.6t,v=331-0.6t,v=331+0.3t,v=331-0.3t,A,,,在标准大气压下，空气中的声速随温度升高而增大，经验公式为v=331+0.6t，其中t为摄氏温度，331m/s是0℃时空气中的声速。,声速测量;声速公式;温度关系,实验讲义PDF,,,,
qS007,choice,声速的测量,共振干涉法,2,用共振干涉法测量声速时，当接收换能器与发射换能器之间的距离为______时，会产生共振现象。,波长的整数倍,半波长的整数倍,四分之一波长的整数倍,八分之一波长的整数倍,B,,,共振干涉法中，发射换能器发出的声波与接收换能器反射的声波发生干涉，当两换能器之间的距离为半波长的整数倍时，产生共振，接收信号振幅达到极大值。,声速测量;共振干涉法;共振条件,实验讲义PDF,,,,
qS008,fill,声速的测量,波长计算,2,在声速测量实验中，测得共振时相邻两个极大值之间的距离为2.5cm，则声波的波长为______cm。,,,,,5,1.0,填写整数,共振干涉法中，相邻两个共振极大值之间的距离为λ/2，因此波长λ=2*2.5cm=5cm。,声速测量;共振干涉法;波长计算,实验讲义PDF,,,,
qS009,choice,声速的测量,相位比较法,3,用相位比较法测量声速时，下列说法正确的是：,只能通过李萨如图形判断相位差,当发射波和接收波的相位差为π的整数倍时，李萨如图形为直线,相位差与换能器之间的距离无关,相位比较法的测量精度低于共振干涉法,B,,,相位比较法中，当发射波和接收波的相位差为0或π的整数倍时，两个同频率垂直振动的合成李萨如图形为直线，可据此判断相位差，计算波长。,声速测量;相位比较法;李萨如图形,实验讲义PDF,,,,
qS010,fill,声速的测量,换能器,1,声速测量实验中，发射和接收声波的核心元件是______换能器，它可以实现电信号和声信号的相互转换。,,,,,压电,1.0,填写材料类型,本实验使用的是压电换能器，利用压电陶瓷的逆压电效应发射声波，正压电效应接收声波，实现电信号与声信号的相互转换。,声速测量;压电换能器;电声转换,实验讲义PDF,,,,
qE006,choice,用静态拉伸法测量材料的弹性模量,弹性模量定义,1,材料的弹性模量E的定义是：,应力与应变的比值,应变与应力的比值,拉力与伸长量的比值,伸长量与拉力的比值,A,,,弹性模量是描述材料弹性性质的物理量，定义为应力（单位面积所受的力）与应变（单位长度的伸长量）的比值，即E=σ/ε。,弹性模量;应力;应变;定义,实验讲义PDF,,,,
qE007,choice,用静态拉伸法测量材料的弹性模量,胡克定律,2,根据胡克定律，在弹性限度内，下列说法正确的是：,材料的伸长量与所受拉力成正比,材料的伸长量与所受拉力成反比,材料的应力与应变成反比,材料的弹性模量随拉力增大而增大,A,,,胡克定律指出，在弹性限度内，材料的伸长量ΔL与所受拉力F成正比，即F=k·ΔL，其中k为劲度系数。,弹性模量;胡克定律;伸长量;拉力,实验讲义PDF,,,,
qE008,fill,用静态拉伸法测量材料的弹性模量,弹性模量计算,2,某金属丝的长度L=1m，横截面积S=1mm2，受到F=100N的拉力时，伸长量ΔL=0.5mm，则该金属的弹性模量E约为______GPa。,,,,,200,1.0,填写整数,根据弹性模量公式E=(F·L)/(S·ΔL)，代入数值：F=100N，L=1m，S=1e-6m2，ΔL=0.5e-3m，计算得E=(100*1)/(1e-6*0.5e-3)=2e11Pa=200GPa。,弹性模量;计算公式;GPa,实验讲义PDF,,,,
qE009,choice,用静态拉伸法测量材料的弹性模量,实验操作,3,在静态拉伸法测量弹性模量实验中，下列操作错误的是：,实验前先将金属丝拉直，消除初弯曲,加砝码时要轻放，避免金属丝晃动,测量伸长量时，只需要测量一次即可,实验结束后，先取下砝码，再关闭仪器,C,,,为了减小测量误差，伸长量需要多次测量，取平均值，不能只测量一次。其他选项均为正确的实验操作。,弹性模量;实验操作;误差减小,实验讲义PDF,,,,
qE010,fill,用静态拉伸法测量材料的弹性模量,变形类型,1,本实验中，金属丝受到拉力作用时发生的变形是______变形，去除外力后变形可以完全恢复。,,,,,弹性,1.0,填写变形类型,在弹性限度内，材料受到外力作用时发生的变形为弹性变形，去除外力后，变形可以完全恢复，材料回到原始状态。,弹性模量;弹性变形;胡克定律,实验讲义PDF,,,,
qO006,choice,数字存储示波器的使用,示波器核心作用,1,数字存储示波器的核心功能是：,产生电信号,采集、显示并分析电信号,测量电路中的电阻值,放大电信号的功率,B,,,示波器是一种用于采集、显示、分析电信号的电子测量仪器，它可以将电信号的变化过程以波形的形式显示出来，是电子实验中最基础的仪器之一。,示波器;电信号;波形显示,实验讲义PDF,,,,
qO007,choice,数字存储示波器的使用,时基调节,2,示波器的时基（水平扫描速度）调节的是：,波形在垂直方向的幅度,波形在水平方向的时间刻度,输入信号的耦合方式,示波器的触发方式,B,,,示波器的时基调节的是水平方向的时间刻度，即每一格代表的时间长度，用于控制波形在水平方向的展开程度，测量信号的周期和频率。,示波器;时基;时间刻度;周期测量,实验讲义PDF,,,,
qO008,fill,数字存储示波器的使用,电压测量,2,示波器的垂直灵敏度设置为2V/div，测得波形的峰峰值为5格，则该信号的峰峰值电压为______V。,,,,,10,1.0,填写整数,信号的峰峰值电压=垂直灵敏度×峰峰值格数，即2V/div×5div=10V。,示波器;电压测量;垂直灵敏度;峰峰值,实验讲义PDF,,,,
qO009,choice,数字存储示波器的使用,触发方式,3,在示波器实验中，为了稳定显示周期性信号，最常用的触发方式是：,自动触发,正常触发,单次触发,外部触发,B,,,正常触发（边沿触发）是示波器最常用的触发方式，当输入信号的边沿达到设定的触发电平时，示波器开始扫描，从而稳定显示周期性信号的波形。,示波器;触发方式;正常触发;波形稳定,实验讲义PDF,,,,
qO010,fill,数字存储示波器的使用,耦合方式,1,示波器的输入耦合方式中，______耦合方式可以隔离输入信号中的直流分量，只显示交流分量。,,,,,交流,1.0,填写耦合类型,示波器的交流耦合方式通过电容隔离了输入信号中的直流分量，只允许交流分量通过，适用于测量叠加在直流信号上的交流小信号。,示波器;耦合方式;交流耦合;直流隔离,实验讲义PDF,,,,
qF006,choice,分光计的调整及使用,分光计核心作用,1,分光计的核心功能是：,测量发光物体的亮度,精确测量光线的偏转角度,放大物体的像,测量光的波长,B,,,分光计是一种精确测量光线偏转角度的光学仪器，可用于测量棱镜的顶角、折射率、光栅的衍射角等，是光学实验中最基础的测角仪器。,分光计;测角仪器;光线偏转角度,实验讲义PDF,,,,
qF007,choice,分光计的调整及使用,望远镜调节,2,在分光计调整实验中，调节望远镜聚焦于无穷远的正确操作是：,调节望远镜的物镜焦距,调节望远镜的目镜焦距，使十字叉丝清晰,调节平行光管的焦距,调节载物台的高度,B,,,望远镜聚焦于无穷远的调节步骤是：先调节目镜焦距，使十字叉丝清晰，然后将望远镜对准远处的物体，调节物镜焦距，使物体的像清晰，此时望远镜就聚焦于无穷远了。,分光计;望远镜调节;无穷远聚焦,实验讲义PDF,,,,
qF008,fill,分光计的调整及使用,最小偏向角,2,在分光计测量棱镜折射率实验中，测得棱镜的顶角A=60°，最小偏向角δm=30°，则该棱镜的折射率n约为______。,,,,,1.414,1.0,填写数值,棱镜折射率的计算公式为n=sin[(A+δm)/2]/sin(A/2)，代入数值：A=60°，δm=30°，则n=sin(45°)/sin(30°)=(√2/2)/(1/2)=√2≈1.414。,分光计;棱镜折射率;最小偏向角,实验讲义PDF,,,,
qF009,choice,分光计的调整及使用,平行光管调节,3,在分光计调整实验中，平行光管的作用是：,接收平行光，形成像,产生平行光，作为入射光源,调节光线的偏振方向,放大入射光的强度,B,,,平行光管的作用是产生平行光，作为分光计的入射光源，它由狭缝和准直透镜组成，当狭缝位于准直透镜的焦平面上时，出射光为平行光。,分光计;平行光管;平行光产生,实验讲义PDF,,,,
qF010,fill,分光计的调整及使用,刻度盘,1,分光计的刻度盘用于测量光线的偏转角度，其最小刻度值通常为______分。,,,,,1,1.0,填写整数,分光计的刻度盘通常分为360度，每度分为60分，最小刻度值为1分，可通过游标盘进行更精确的读数。,分光计;刻度盘;角度测量;最小刻度,实验讲义PDF,,,,
qT006,choice,大学物理实验理论课,测量误差,1,在物理实验中，测量误差分为系统误差和随机误差，下列属于系统误差的是：,实验环境温度的微小波动,仪器的零点漂移,观察者的视差,电源电压的微小变化,B,,,系统误差是由实验装置、实验方法、实验环境等固定因素引起的，在相同条件下重复测量时，误差的大小和符号保持不变。仪器的零点漂移属于系统误差，其他选项均为随机误差。,测量误差;系统误差;随机误差,实验讲义PDF,,,,
qT007,choice,大学物理实验理论课,有效数字,2,下列关于有效数字的说法正确的是：,有效数字的位数越多，测量精度越高,有效数字的位数与测量精度无关,小数点后的位数越多，有效数字位数越多,有效数字的最后一位是准确值,A,,,有效数字是指在测量中能够准确读出的数字，其位数反映了测量的精度，有效数字的位数越多，测量的精度越高。有效数字的最后一位是估读值，存在一定的误差。,有效数字;测量精度;估读值,实验讲义PDF,,,,
qT008,fill,大学物理实验理论课,误差计算,2,某长度测量值为L=10.00cm，绝对误差ΔL=0.05cm，则相对误差为______%。,,,,,0.5,1.0,填写数值,相对误差的计算公式为E=(ΔL/L)×100%，代入数值：ΔL=0.05cm，L=10.00cm，计算得E=(0.05/10.00)×100%=0.5%。,测量误差;相对误差;绝对误差,实验讲义PDF,,,,
qT009,choice,大学物理实验理论课,实验数据处理,3,在物理实验数据处理中，对于多次测量的结果，通常采用的处理方法是：,取最大值作为测量结果,取最小值作为测量结果,取算术平均值作为测量结果,取第一次测量值作为测量结果,C,,,对于多次测量的结果，通常采用算术平均值作为测量结果，因为算术平均值可以减小随机误差的影响，是最接近真实值的测量结果。,实验数据处理;多次测量;算术平均值,实验讲义PDF,,,,
qT010,fill,大学物理实验理论课,实验方法,1,在物理实验中，通过改变多个因素中的一个，保持其他因素不变，来研究该因素对实验结果的影响，这种方法称为______法。,,,,,控制变量,1.0,填写实验方法,控制变量法是物理实验中最常用的研究方法之一，通过控制其他因素不变，只改变一个因素，来研究该因素对实验结果的影响，从而排除其他因素的干扰。,实验方法;控制变量法;物理实验,实验讲义PDF,,,,
qL006,choice,力学传感器及其应用,传感器核心作用,1,力学传感器的核心功能是：,将力学量转换为电信号,将电信号转换为力学量,放大力学信号的强度,测量电路中的电流值,A,,,力学传感器是一种将力学量（如力、位移、加速度等）转换为可测量的电信号的装置，是力学实验中实现非电量电测的核心元件。,力学传感器;非电量电测;力学量转换,实验讲义PDF,,,,
qL007,choice,力学传感器及其应用,应变片,2,在力学传感器实验中，电阻应变片的核心原理是：,电阻值随温度变化而变化,电阻值随机械变形而变化,电阻值随光照强度变化而变化,电阻值随磁场强度变化而变化,B,,,电阻应变片的核心原理是电阻的应变效应，即导体的电阻值随其机械变形（拉伸或压缩）而发生变化，通过测量电阻值的变化来反映力学量的大小。,力学传感器;电阻应变片;应变效应,实验讲义PDF,,,,
qL008,fill,力学传感器及其应用,灵敏度,2,某力学传感器的灵敏度为2mV/N，当施加5N的力时，传感器的输出电压为______mV。,,,,,10,1.0,填写整数,传感器的输出电压=灵敏度×施加的力，即2mV/N×5N=10mV。,力学传感器;灵敏度;输出电压,实验讲义PDF,,,,
qL009,choice,力学传感器及其应用,电桥电路,3,在力学传感器实验中，通常采用哪种电路来测量应变片的微小电阻变化？,惠斯通电桥电路,放大电路,滤波电路,整流电路,A,,,惠斯通电桥电路可以精确测量微小的电阻变化，是应变片式力学传感器中最常用的测量电路，通过电桥平衡的变化来反映应变片的电阻变化，从而测量力学量。,力学传感器;惠斯通电桥;电阻测量,实验讲义PDF,,,,
qL010,fill,力学传感器及其应用,非电量电测,1,力学传感器实现了______的转换，将难以直接测量的力学量转换为容易测量的电信号。,,,,,非电量到电量,1.0,填写转换类型,力学传感器的核心是实现非电量到电量的转换，将力、位移、加速度等非电量的力学量，转换为电压、电流等可测量的电信号，实现精确测量。,力学传感器;非电量电测;信号转换,实验讲义PDF,,,,
qH006,choice,光学全息实验,全息原理,1,光学全息照相的核心原理是：,光的干涉和衍射,光的反射和折射,光的偏振和色散,光的直线传播,A,,,光学全息照相的核心原理是光的干涉和衍射，通过干涉的方法记录物光波的振幅和相位信息，再通过衍射的方法再现物光波，形成全息像。,光学全息;全息原理;光的干涉;光的衍射,实验讲义PDF,,,,
qH007,choice,光学全息实验,全息记录,2,在光学全息记录过程中，需要用到的两束相干光是：,物光和参考光,入射光和反射光,透射光和衍射光,线偏振光和圆偏振光,A,,,全息记录过程中，需要将激光器发出的相干光分为两束，一束照射到被摄物体上，经物体反射后成为物光；另一束直接照射到全息干板上，成为参考光。物光和参考光在全息干板上发生干涉，形成干涉条纹，记录下物光的全部信息。,光学全息;全息记录;物光;参考光,实验讲义PDF,,,,
qH008,fill,光学全息实验,全息再现,2,在光学全息再现过程中，用与记录时的______相同的光束照射全息图，就可以再现出物体的三维像。,,,,,参考光,1.0,填写光束名称,全息再现的原理是光的衍射，当用与记录时的参考光相同的光束照射全息图时，全息图上的干涉条纹会像光栅一样发生衍射，其中一级衍射光会再现出与原物光完全相同的光波，从而形成物体的三维虚像。,光学全息;全息再现;参考光;衍射,实验讲义PDF,,,,
qH009,choice,光学全息实验,全息特点,3,下列关于光学全息照相的特点，说法错误的是：,可以记录物体的三维信息，再现出立体像,全息图的一部分可以再现出整个物体的像,全息照相和普通照相一样，只记录了物光的振幅信息,全息照相可以同时记录多个物体的像,C,,,普通照相只记录了物光的振幅信息，而全息照相同时记录了物光的振幅和相位信息，这是全息照相和普通照相的核心区别。其他选项均为全息照相的正确特点。,光学全息;全息特点;振幅;相位,实验讲义PDF,,,,
qH010,fill,光学全息实验,全息干板,1,光学全息实验中，用于记录干涉条纹的核心元件是______，它是一种对光敏感的介质。,,,,,全息干板,1.0,填写元件名称,全息干板是光学全息实验中用于记录干涉条纹的核心元件，它是一种涂有对光敏感的乳剂层的玻璃片，能够记录下物光和参考光的干涉条纹，保存物光的全部信息。,光学全息;全息干板;干涉条纹记录,实验讲义PDF,,,,
qPh006,choice,光电效应实验,光电效应定义,1,光电效应是指：,光照射到金属表面，使金属发射出电子的现象,光照射到金属表面，使金属温度升高的现象,光照射到金属表面，使金属反射光的现象,光照射到金属表面，使金属吸收光的现象,A,,,光电效应是指当光照射到金属表面时，金属中的电子吸收光子的能量，克服金属的逸出功，从金属表面发射出来的现象，发射出来的电子称为光电子。,光电效应;光电子;光子能量,实验讲义PDF,,,,
qPh007,choice,光电效应实验,爱因斯坦方程,2,根据爱因斯坦光电效应方程，光电子的最大初动能与入射光的关系是：,与入射光的强度成正比,与入射光的频率成正比,与入射光的波长成正比,与入射光的照射时间成正比,B,,,爱因斯坦光电效应方程为Ek=hν-W0，其中Ek为光电子的最大初动能，h为普朗克常量，ν为入射光的频率，W0为金属的逸出功。由此可知，光电子的最大初动能与入射光的频率成正比，与入射光的强度无关。,光电效应;爱因斯坦方程;光电子初动能;频率,实验讲义PDF,,,,
qPh008,fill,光电效应实验,截止频率,2,某金属的逸出功为3.2eV，则该金属的光电效应截止频率约为______Hz。（普朗克常量h=6.63×10^-34J·s，1eV=1.6×10^-19J）,,,,,7.72×10^14,1.0,填写科学计数法数值,根据光电效应截止频率的计算公式ν0=W0/h，代入数值：W0=3.2eV=3.2×1.6×10^-19J=5.12×10^-19J，h=6.63×10^-34J·s，计算得ν0=5.12×10^-19J / 6.63×10^-34J·s≈7.72×10^14Hz。,光电效应;截止频率;逸出功;普朗克常量,实验讲义PDF,,,,
qPh009,choice,光电效应实验,饱和光电流,3,在光电效应实验中，当入射光的频率不变时，饱和光电流的大小与入射光的强度的关系是：,成正比,成反比,无关,平方成正比,A,,,当入射光的频率不变时，入射光的强度越大，单位时间内入射的光子数越多，产生的光电子数也越多，因此饱和光电流的大小与入射光的强度成正比。,光电效应;饱和光电流;入射光强度,实验讲义PDF,,,,
qPh010,fill,光电效应实验,截止电压,1,在光电效应实验中，当加在光电管两端的反向电压达到______时，光电流为零，此时的电压称为截止电压。,,,,,截止电压,1.0,填写电压名称,在光电效应实验中，当加在光电管两端的反向电压达到截止电压时，光电子的最大初动能全部用来克服电场力做功，光电流为零。截止电压与光电子的最大初动能的关系为eUc=Ek，其中e为电子电荷量，Uc为截止电压。,光电效应;截止电压;光电流,实验讲义PDF,,,,
qMh006,choice,铁磁材料磁滞回线的观测,铁磁材料特性,1,铁磁材料的核心特性是：,高磁导率和磁滞现象,低磁导率和线性磁化特性,抗磁性和顺磁性,完全抗磁性,A,,,铁磁材料的核心特性是具有高的磁导率，并且存在磁滞现象，即磁化强度的变化滞后于磁场强度的变化，形成磁滞回线。,铁磁材料;磁滞回线;高磁导率;磁滞现象,实验讲义PDF,,,,
qMh007,choice,铁磁材料磁滞回线的观测,磁滞回线,2,在铁磁材料的磁滞回线中，当磁场强度H减小到零时，剩余的磁化强度M称为：,剩磁,矫顽力,饱和磁化强度,磁导率,A,,,在磁滞回线中，当磁场强度H减小到零时，磁化强度M并没有减小到零，而是保留了一定的数值，这个剩余的磁化强度称为剩磁，用Mr表示。,铁磁材料;磁滞回线;剩磁;磁化强度,实验讲义PDF,,,,
qMh008,fill,铁磁材料磁滞回线的观测,矫顽力,2,在铁磁材料的磁滞回线中，为了使磁化强度M减小到零，需要施加的反向磁场强度Hc称为______。,,,,,矫顽力,1.0,填写物理量名称,矫顽力是指为了使铁磁材料的磁化强度从剩磁状态减小到零，需要施加的反向磁场强度，用Hc表示。矫顽力的大小反映了铁磁材料保持剩磁的能力，矫顽力越大，材料的剩磁越不容易被消除。,铁磁材料;磁滞回线;矫顽力;剩磁,实验讲义PDF,,,,
qMh009,choice,铁磁材料磁滞回线的观测,磁化曲线,3,下列关于铁磁材料的起始磁化曲线的说法，正确的是：,磁化强度M随磁场强度H的增大而线性增大,磁化强度M随磁场强度H的增大先快速增大，后趋于饱和,磁化强度M随磁场强度H的增大而减小,磁化强度M与磁场强度H无关,B,,,铁磁材料的起始磁化曲线是指材料从完全退磁状态开始，随着磁场强度H的增大，磁化强度M的变化曲线。曲线的特点是：当H较小时，M随H快速增大；当H增大到一定程度时，M的增大速度变慢，最终趋于饱和，达到饱和磁化强度Ms。,铁磁材料;起始磁化曲线;饱和磁化强度,实验讲义PDF,,,,
qMh010,fill,铁磁材料磁滞回线的观测,磁滞损耗,1,铁磁材料在交变磁场中反复磁化时，会产生能量损耗，这种损耗称为______损耗，其大小与磁滞回线的面积成正比。,,,,,磁滞,1.0,填写损耗类型,磁滞损耗是指铁磁材料在交变磁场中反复磁化时，由于磁滞现象而产生的能量损耗，其大小与磁滞回线的面积成正比，磁滞回线的面积越大，磁滞损耗也越大。,铁磁材料;磁滞损耗;磁滞回线;交变磁场,实验讲义PDF,,,,
qPhs006,choice,光敏元件的光电特性研究,光敏元件核心作用,1,光敏元件的核心功能是：,将光信号转换为电信号,将电信号转换为光信号,放大光信号的强度,过滤掉特定波长的光,A,,,光敏元件是一种将光信号转换为可测量的电信号的光电元件，它可以实现非电量电测，是光学实验和光电检测中的核心元件。,光敏元件;光电转换;光信号;电信号,实验讲义PDF,,,,
qPhs007,choice,光敏元件的光电特性研究,光电效应,2,光敏元件的工作原理主要基于：,光的反射和折射,光的干涉和衍射,光的偏振和色散,光的光电效应,D,,,光敏元件的工作原理主要基于光的光电效应，包括外光电效应和内光电效应。外光电效应是指光照射到材料表面，使材料发射出电子的现象；内光电效应是指光照射到材料内部，使材料的电导率发生变化的现象。,光敏元件;光电效应;外光电效应;内光电效应,实验讲义PDF,,,,
qPhs008,fill,光敏元件的光电特性研究,伏安特性,2,光敏元件的伏安特性是指在一定的光照强度下，光敏元件的______与电压之间的关系曲线。,,,,,电流,1.0,填写物理量名称,光敏元件的伏安特性是指在一定的光照强度下，光敏元件的输出电流与所加电压之间的关系曲线，是光敏元件最基本的光电特性之一，反映了光敏元件在不同电压下的光电转换能力。,光敏元件;伏安特性;电流;电压,实验讲义PDF,,,,
qPhs009,choice,光敏元件的光电特性研究,光照特性,3,在光敏元件的光电特性实验中，当入射光的波长不变时，光敏元件的短路电流与光照强度的关系是：,成正比,成反比,无关,平方成正比,A,,,当入射光的波长不变时，光照强度越大，单位时间内入射的光子数越多，光敏元件产生的光生载流子数也越多，因此短路电流的大小与光照强度成正比，这是光敏元件最基本的光照特性。,光敏元件;光照特性;短路电流;光照强度,实验讲义PDF,,,,
qPhs010,fill,光敏元件的光电特性研究,光谱特性,1,光敏元件的光谱特性是指光敏元件的光电转换效率与入射光的______之间的关系，反映了光敏元件对不同波长光的响应能力。,,,,,波长,1.0,填写物理量名称,光敏元件的光谱特性是指光敏元件的光电转换效率（或响应度）与入射光的波长之间的关系，反映了光敏元件对不同波长光的响应能力，不同的光敏元件具有不同的光谱响应范围。,光敏元件;光谱特性;波长;响应度,实验讲义PDF,,,,
qC006,choice,电学混沌及其在保密通信中的应用,混沌特性,1,混沌系统的核心特性是：,对初始条件的极端敏感性和长期不可预测性,线性和稳定性,周期性和可预测性,完全抗干扰性,A,,,混沌系统的核心特性是对初始条件的极端敏感性，即初始条件的微小变化，会导致系统长期行为的巨大差异，因此混沌系统的长期行为是不可预测的，这也是混沌保密通信的核心基础。,混沌系统;初始条件敏感性;不可预测性,实验讲义PDF,,,,
qC007,choice,电学混沌及其在保密通信中的应用,蔡氏电路,2,在电学混沌实验中，最经典的产生混沌信号的电路是：,整流电路,放大电路,蔡氏电路,滤波电路,C,,,蔡氏电路是最经典的产生混沌信号的非线性电路，它由线性电阻、电容、电感和一个非线性电阻（蔡氏二极管）组成，能够产生丰富的混沌行为，是混沌实验和研究的基础电路。,混沌电路;蔡氏电路;非线性电路;混沌信号,实验讲义PDF,,,,
qC008,fill,电学混沌及其在保密通信中的应用,混沌同步,2,在混沌保密通信中，发送端和接收端的两个混沌系统需要实现______，才能保证接收端正确解调出传输的信息。,,,,,混沌同步,1.0,填写物理现象名称,混沌同步是指两个或多个混沌系统在一定的条件下，能够达到完全相同的混沌运动状态。在混沌保密通信中，发送端和接收端的混沌系统必须实现混沌同步，接收端才能根据同步的混沌信号，正确解调出发送端传输的信息。,混沌保密通信;混沌同步;混沌系统,实验讲义PDF,,,,
qC009,choice,电学混沌及其在保密通信中的应用,保密通信原理,3,下列关于混沌保密通信的原理，说法正确的是：,利用混沌信号的周期性来加密信息,利用混沌信号的长期可预测性来加密信息,利用混沌信号的类噪声特性和对初始条件的敏感性来加密信息,混沌保密通信的安全性与混沌系统的复杂度无关,C,,,混沌保密通信的核心原理是利用混沌信号的类噪声特性和对初始条件的极端敏感性来加密信息。混沌信号看起来像噪声一样无规则，但是它是由确定性的非线性系统产生的，只有当接收端的混沌系统与发送端完全同步时，才能正确解调出信息，从而实现保密通信。,混沌保密通信;加密原理;混沌信号;类噪声特性,实验讲义PDF,,,,
qC010,fill,电学混沌及其在保密通信中的应用,非线性系统,1,混沌系统是一种______系统，其输出不随输入的变化而线性变化，是产生混沌行为的必要条件。,,,,,非线性,1.0,填写系统类型,混沌系统是一种非线性系统，其输出与输入之间不存在线性关系，系统的行为不满足叠加原理。非线性是产生混沌行为的必要条件，线性系统不可能产生混沌行为。,混沌系统;非线性系统;叠加原理,实验讲义PDF,,,,
qEe006,choice,用模拟法测绘静电场,模拟法原理,1,用模拟法测绘静电场的核心原理是：,用稳恒电流场模拟静电场，因为二者的场分布规律相同,用交变电流场模拟静电场，因为二者的场分布规律相同,用磁场模拟静电场，因为二者的场分布规律相同,用光场模拟静电场，因为二者的场分布规律相同,A,,,模拟法测绘静电场的核心原理是用稳恒电流场来模拟静电场，因为稳恒电流场和静电场在一定的条件下，场的分布规律完全相同，都满足拉普拉斯方程，因此可以通过测量稳恒电流场的电势分布，来获得静电场的电势分布。,静电场;模拟法;稳恒电流场;拉普拉斯方程,实验讲义PDF,,,,
qEe007,choice,用模拟法测绘静电场,电场强度与电势,2,在静电场中，电场强度E与电势V的关系是：,电场强度等于电势的梯度,电场强度等于电势的散度,电场强度等于电势的旋度,电场强度与电势无关,A,,,在静电场中，电场强度E与电势V的微分关系是E=-?V，即电场强度等于电势的负梯度，电场强度的方向是电势降低最快的方向，电场强度的大小等于电势在该方向的变化率。,静电场;电场强度;电势;梯度,实验讲义PDF,,,,
qEe008,fill,用模拟法测绘静电场,等势线,2,在静电场中，电势相等的点所组成的曲线称为______，电场线总是与该曲线垂直相交。,,,,,等势线,1.0,填写曲线名称,等势线是指在静电场中，电势相等的点所组成的曲线（或曲面）。电场线总是与等势线垂直相交，电场线的方向是从高电势指向低电势，与等势线的法线方向一致。,静电场;等势线;电场线;电势,实验讲义PDF,,,,
qEe009,choice,用模拟法测绘静电场,无限长带电圆柱,3,对于无限长均匀带电圆柱，其内部的电场强度分布是：,与到轴线的距离成正比,与到轴线的距离成反比,与到轴线的距离的平方成正比,与到轴线的距离的平方成反比,A,,,根据高斯定理，无限长均匀带电圆柱内部的电场强度E与到轴线的距离r成正比，即E=ρr/(2ε0)，其中ρ为电荷体密度，ε0为真空介电常数；而圆柱外部的电场强度与r成反比。,静电场;无限长带电圆柱;电场强度;高斯定理,实验讲义PDF,,,,
qEe010,fill,用模拟法测绘静电场,高斯定理,1,在静电场中，通过任意闭合曲面的电通量等于该闭合曲面所包围的电荷的代数和除以真空介电常数，这个定律称为______。,,,,,高斯定理,1.0,填写定律名称,高斯定理是静电场的基本定理之一，它描述了电场与电荷之间的关系，通过任意闭合曲面的电通量，只与该闭合曲面所包围的电荷的代数和有关，与曲面外的电荷无关。,静电场;高斯定理;电通量;电荷,实验讲义PDF,,,,
